;Temperature[C];Humidity[%];eCO2[ppm];PM2.5;MQ2;MQ7;MQ135
0;25.43148902;57.36;400;0;555;666;416
1;24.48605608;56.67;400;0;555;666;416
2;20.05508693;55.96;400;0;556;666;416
3;22.78169014;55.28;400;0;556;665;416
4;25.29282629;54.69;400;0;556;665;416
5;24.99035529;54.12;400;0;557;665;416
6;23.98467188;53.61;400;0;556;665;416
7;20.00053149;53.2;400;0;556;665;416
8;30.06108448;52.81;400;0;556;665;416
9;21.68010448;52.46;400;3.78;556;665;416
10;29.04899829;52.15;400;3.71;558;665;416
11;28.32322763;51.84;400;3.51;558;665;415
12;25.54785012;51.62;400;3.38;558;664;415
13;24.31045181;51.39;400;3.11;559;664;415
14;22.59364391;51.17;403;2.96;558;664;415
15;20.99256279;50.99;400;2.66;559;664;415
16;26.2340349;50.86;400;2.52;559;664;415
17;24.42263795;50.66;400;2.23;559;664;415
18;28.78189406;50.49;400;2.1;559;664;415
19;29.66196322;50.27;406;1.72;559;663;414
20;28.42714601;50.15;400;1.6;559;663;414
21;23.63728464;50.02;400;1.39;560;662;414
22;29.30800905;49.96;400;1.3;559;661;413
23;24.33150632;49.83;415;1.12;559;661;413
24;22.86519154;49.76;400;1.04;561;661;413
25;28.7766241;49.65;401;0.89;560;661;412
26;27.50403798;49.58;404;0.82;560;661;412
27;23.6077374;49.37;445;0.58;560;661;413
28;26.93122924;49.58;455;0.56;562;660;412
29;28.62355626;50.11;443;0.52;561;660;412
30;21.72177219;50.68;435;0.5;562;660;411
31;26.50479277;51.23;440;0.45;561;660;411
32;22.01149901;51.77;440;0.42;562;660;412
33;22.68113526;52.28;420;0.38;563;660;412
34;21.19158778;52.74;414;0.36;563;660;412
35;21.44351055;53.12;413;0.31;563;659;411
36;21.25600827;53.5;410;0.29;563;659;411
37;26.81764278;53.84;413;0.26;564;659;411
38;27.67483777;54.13;400;0.24;564;659;410
39;23.06449372;54.41;415;0.21;565;659;410
40;22.34544392;54.67;406;0.19;565;658;410
41;24.19943317;54.91;400;0.18;564;658;410
42;22.808366;55.08;410;0.15;566;657;409
43;21.39199618;55.28;400;0.14;566;658;409
44;28.07216038;55.49;400;0.12;565;656;409
45;23.42333425;55.86;404;0.09;565;656;408
46;24.74980861;55.99;406;0.08;565;655;408
47;27.04259335;56.11;400;0.07;564;640;398
48;20.07399416;56.18;400;0.06;564;638;395
49;27.52780996;56.32;408;0.05;564;627;388
50;26.78248975;56.36;416;0.05;563;631;390
51;23.71419855;56.47;411;0.04;564;630;389
52;24.08750362;56.55;404;0.04;563;634;391
53;24.12783292;56.6;404;0.03;564;632;389
54;22.73600556;56.66;400;0.03;565;637;392
55;29.4504964;56.91;400;0.02;565;629;387
56;27.32071068;56.64;400;0.02;565;631;387
57;23.51672949;56.06;400;1.66;564;631;387
58;28.71999835;55.38;400;1.24;564;631;388
59;28.95251509;54.75;401;0.52;658;665;447
60;22.40036496;54.14;406;0.32;657;665;448
61;24.85543743;53.6;415;0.83;655;660;443
62;26.02730676;53.11;400;0.78;655;666;447
63;21.06901741;52.66;418;0.65;652;657;440
64;28.96441362;52.27;411;0.59;653;658;441
65;24.03886984;51.94;415;0.54;652;666;446
66;28.34084694;51.66;413;0.47;651;665;447
67;21.24645054;51.38;421;0.44;650;665;445
68;25.07665497;51.16;407;0.39;650;665;445
69;21.95803721;50.92;407;0.36;649;657;439
70;23.91860494;50.72;401;0.32;649;654;438
71;27.51169842;50.55;412;0.3;649;665;443
72;21.84549138;50.38;417;0.26;647;664;443
73;23.08097885;50.24;413;0.24;647;662;442
74;30.2991894;50.1;410;0.21;645;654;436
75;29.76857048;49.93;417;0.19;645;660;441
76;24.55063081;49.88;400;0.16;644;662;443
77;20.05193744;49.74;405;0.15;642;653;435
78;28.17050813;49.67;408;0.13;642;672;448
79;21.94890569;49.55;404;0.12;641;650;433
80;24.12136683;49.47;405;0.1;641;652;434
81;29.95547852;49.44;400;0.09;640;659;438
82;27.53271201;49.39;407;0.08;693;656;465
83;23.36037784;49.31;420;0.07;690;654;462
84;23.32774661;49.21;420;0.06;690;663;469
85;23.28361377;49.07;448;0.06;689;666;469
86;21.83411533;49.29;453;0.05;686;652;458
87;28.24055075;49.81;462;0.04;685;672;465
88;24.95812329;50.45;448;0.04;683;664;465
89;29.09405935;51.03;439;0.03;681;662;463
90;20.74620215;51.56;437;0.03;679;660;461
91;22.58570567;52.04;441;0.03;678;654;457
92;29.31306354;52.54;422;0.02;677;658;459
93;23.46332004;52.92;438;0.02;676;658;458
94;22.38910968;53.32;424;0.02;674;645;449
95;25.13078004;53.65;419;0.69;673;669;465
96;27.29206763;53.96;421;0.63;673;654;454
97;24.55899396;54.25;417;0.49;672;649;450
98;22.89184854;54.52;418;0.44;672;657;456
99;28.03205673;54.74;405;0.36;670;648;449
100;26.934272;54.95;414;0.33;669;650;449
101;21.05766455;55.16;408;0.29;666;649;448
102;21.4571452;55.32;410;0.27;666;648;447
103;20.03516238;55.53;406;0.24;664;647;446
104;26.95913858;55.64;400;0.22;664;652;449
105;25.75708364;55.81;406;0.19;663;645;444
106;24.227672;55.9;401;0.18;662;644;443
107;29.95646822;56.07;402;0.16;661;643;441
108;24.72516432;56.18;400;0.14;661;642;441
109;24.71896921;56.24;402;0.13;662;650;446
110;23.59075594;56.37;400;0.11;661;650;446
111;20.55715434;56.42;409;0.1;660;644;443
112;19.2288652;56.5;408;0.09;660;648;444
113;22.36353556;56.62;401;0.08;660;651;446
114;22.0572778;56.69;400;0.07;661;647;443
115;21.21021085;56.91;400;0.06;662;650;446
116;19.74212263;56.65;400;0.05;661;643;442
117;29.06592967;56.13;400;0.05;661;651;446
118;29.46660624;55.44;402;0.04;660;651;445
119;20.71809176;54.78;408;0.04;660;637;435
120;20.87890556;54.24;419;0.03;660;658;449
121;22.16221224;53.68;415;0.03;660;652;446
122;23.72285395;53.18;404;0.02;661;649;443
123;28.58422627;52.75;400;0.02;660;643;439
124;22.43955588;52.37;408;0.02;660;647;442
125;22.30428205;52.01;413;0.02;658;643;439
126;29.62854808;51.72;415;0.01;657;641;437
127;29.46036407;51.45;413;0.01;657;650;443
128;21.7587311;51.18;413;0.01;654;644;438
129;19.68377693;51.01;417;0.01;654;635;432
130;26.04174412;50.78;417;0.01;653;637;433
131;29.28106911;50.64;401;0.01;653;636;432
132;25.23024482;50.46;407;0.01;651;635;431
133;21.93480281;50.3;400;0.01;651;633;429
134;24.68890183;50.16;425;0.01;650;634;429
135;25.14611432;50.04;426;0;647;634;429
136;30.43439779;49.93;420;0;709;667;476
137;26.86088562;49.85;417;0;705;666;475
138;24.94488722;49.76;420;0;703;664;473
139;26.19314962;49.64;417;0;699;663;471
140;28.28379152;49.58;411;0;697;661;470
141;22.6779283;49.5;421;0;696;660;468
142;24.88681953;49.42;414;0;696;660;468
143;23.12555141;49.38;418;0;696;657;465
144;25.32013307;49.33;406;0;695;656;465
145;23.48125441;49.16;442;0;694;656;464
146;22.8685735;49.32;455;0;691;654;462
147;28.54376545;49.87;440;0;691;652;460
148;26.7137963;50.49;445;0;691;650;459
149;20.94884373;51.08;453;0;690;646;455
150;25.50164022;51.65;440;0;692;648;456
151;27.41100671;52.13;433;0.54;692;650;457
152;20.50359028;52.62;433;0.41;692;650;457
153;28.56745103;53.02;430;0.27;692;650;456
154;21.32369489;53.45;438;0.1;693;650;455
155;24.06216656;53.75;426;0.06;694;650;454
156;27.99122438;54.05;431;0.02;696;649;453
157;22.17352414;54.36;437;0.01;697;649;453
158;21.42107185;54.59;417;0;700;648;452
159;27.22444459;54.83;420;0;702;647;451
160;24.92282703;55.03;420;0;702;647;450
161;28.63072572;55.25;421;0;697;646;450
162;25.87291419;55.46;415;0;691;646;450
163;28.08266511;55.61;410;0;687;645;450
164;21.8874223;55.73;400;0;688;645;451
165;26.1746295;55.88;417;0;693;645;451
166;20.71512303;56.02;403;0;696;646;450
167;20.23357954;56.14;405;0;695;646;450
168;28.17488319;56.26;401;0;693;646;450
169;27.17932133;56.32;403;0;691;646;450
170;28.19643908;56.43;400;0;692;646;450
171;21.24827217;56.53;404;0;693;647;450
172;29.40591874;56.63;404;0;693;646;449
173;29.67253899;56.69;403;0;688;646;449
174;24.68228814;56.76;400;0;687;646;448
175;26.13871224;56.99;400;0;685;646;448
176;25.15161619;56.77;400;0;685;645;448
177;22.63040228;55.02;401;0;684;645;447
178;22.03368839;54.41;408;0;684;645;446
179;28.13676546;53.84;410;0;683;645;447
180;23.48387008;53.38;402;0;681;644;446
181;28.91250793;51.95;413;0;680;644;446
182;25.05691914;51.66;400;0;678;643;446
183;24.78158207;51.38;409;0;678;645;446
184;20.36086544;51.19;405;0;675;643;445
185;23.60729108;50.83;400;0;673;642;444
186;22.0514461;50.65;401;0;672;642;444
187;26.51195997;50.49;412;0;669;641;443
188;21.48362329;50.36;407;0;763;653;460
189;23.32356005;50.2;409;0;773;664;479
190;28.75439424;50.09;405;0;738;675;485
191;26.77738814;49.96;403;0;728;657;465
192;20.88596574;49.89;402;2.08;725;657;465
193;27.82646484;49.78;409;2.06;724;656;463
194;21.86149878;49.71;400;1.97;721;655;461
195;27.07052233;49.63;401;1.91;718;655;460
196;27.71204272;49.57;402;1.57;716;653;459
197;22.54327865;49.52;402;1.52;715;652;458
198;23.90886704;49.43;405;1.39;713;652;458
199;22.17982441;49.23;440;1.33;712;651;456
200;23.6644898;49.5;440;1.2;709;651;456
201;29.85815752;50.05;444;1.13;708;650;455
202;21.17947366;50.61;429;1;706;650;454
203;25.67979336;51.18;449;0.94;706;649;453
204;27.2801386;51.74;422;0.88;705;648;453
205;29.28804551;52.22;416;0.77;704;648;452
206;25.98256195;52.7;424;0.72;703;647;451
207;25.17633713;53.13;418;0.63;703;647;451
208;25.09870576;53.51;419;0.58;701;646;450
209;27.85262487;54.1;411;0.47;700;646;449
210;24.67921314;54.45;400;0.4;698;645;449
211;27.0302997;54.71;409;0.37;698;644;448
212;20.04539642;54.87;404;0.32;698;643;448
213;22.2384882;55.24;400;0.26;698;643;447
214;23.83663777;55.5;401;0.24;698;642;447
215;25.24124155;55.66;400;0.23;696;641;446
216;27.83579689;55.84;400;0.22;694;641;445
217;19.76938539;55.94;400;0.21;694;640;445
218;26.64740268;56.1;400;0.19;693;639;444
219;19.91603914;56.19;400;0.18;692;639;444
220;19.67370584;56.29;400;0.16;691;638;443
221;22.47067676;56.39;400;0.15;690;638;443
222;29.0414795;56.51;400;0.13;691;638;442
223;22.86683744;56.6;400;0.12;688;638;442
224;25.67674551;56.71;400;0.11;686;637;441
225;21.06657283;56.75;400;0.1;768;654;465
226;25.8443384;56.85;400;0.11;774;662;470
227;25.64758949;57.07;400;0.11;778;671;474
228;24.0539364;56.85;400;0.11;764;670;473
229;20.28416928;56.27;400;0.11;760;668;472
230;29.29350273;55.58;400;0.11;758;666;471
231;27.62911539;54.37;400;0.1;755;665;470
232;27.43487167;53.86;400;0.09;757;664;469
233;28.40294623;53.35;400;0.08;757;663;468
234;26.27769284;52.9;400;0.08;757;662;467
235;27.44456019;52.52;400;0.07;758;661;467
236;22.62755638;52.15;400;0.08;756;660;467
237;19.97095856;51.86;400;0.1;755;658;465
238;22.67892394;51.58;400;0.12;750;654;461
239;27.27846385;51.37;400;0.14;748;653;461
240;28.77934871;51.11;400;0.14;745;653;461
241;28.51118287;50.96;400;0.18;745;652;460
242;24.81861866;50.77;400;0.19;744;651;459
243;28.28229496;50.62;400;0.2;746;650;459
244;19.78191354;50.44;400;0.2;746;650;459
245;25.88966848;50.31;400;0.19;744;650;458
246;28.10413773;50.19;400;0.18;744;649;458
247;24.3175194;50.08;400;0.17;740;649;458
248;24.27211932;50;400;0.17;738;648;456
249;20.58261576;49.85;400;0.18;735;647;456
250;29.00332342;49.71;400;0.17;734;646;455
251;26.80624397;49.66;400;0.17;734;646;454
252;27.6210373;49.6;400;0.16;732;645;453
253;20.00179211;49.53;400;0.16;730;645;453
254;22.11167935;49.45;400;0.17;726;644;452
255;20.89179961;49.31;400;0.17;726;643;451
256;23.62913679;49.97;400;0.16;726;643;450
257;21.25953761;50.61;400;0.16;724;642;449
258;28.38459264;51.19;400;0.16;724;641;448
259;27.5863278;51.75;400;0.17;722;641;448
260;27.41956901;52.63;400;0.19;723;640;447
261;25.07230662;53.07;400;0.19;722;640;447
262;21.70803459;53.48;400;0.18;721;639;446
263;28.96400407;53.84;400;0.18;722;639;445
264;24.73185234;54.17;400;0.19;719;638;445
265;24.39088678;54.43;400;0.2;720;638;444
266;25.03778038;54.71;400;0.2;718;638;444
267;24.88657886;54.92;400;0.22;718;637;443
268;29.59450663;55.14;400;0.23;717;636;443
269;25.22751003;55.36;400;0.23;717;636;442
270;22.22140714;55.55;400;0.26;718;635;442
271;27.20370226;55.74;400;0.27;717;635;441
272;24.90981218;55.89;400;0.27;716;634;441
273;26.37401215;56;400;0.27;715;634;441
274;26.67492954;56.17;400;0.27;714;633;440
275;25.13773706;56.27;400;0.27;715;633;440
276;20.65122699;56.37;400;0.27;714;633;440
277;21.01492019;56.48;400;0.26;759;641;452
278;24.14925212;56.57;400;0.25;772;655;466
279;23.99772825;56.66;400;0.24;779;662;474
280;28.67228304;56.77;400;0.25;782;667;480
281;25.12141781;56.81;400;0.28;784;670;483
282;26.39410252;56.85;400;0.29;772;672;488
283;21.15313912;57.1;400;0.3;769;669;486
284;21.24250014;56.91;400;0.3;768;667;483
285;25.2552621;56.32;400;0.32;768;665;480
286;23.32577849;55.64;400;0.33;767;667;481
287;23.01559484;54.43;400;0.32;767;672;484
288;22.38544494;53.91;400;0.31;766;670;483
289;20.50097163;53.4;400;0.29;766;669;482
290;27.97419123;52.96;400;0.28;763;666;480
291;22.91901126;52.56;400;0.25;759;661;476
292;27.30945079;52.25;400;0.24;758;667;480
293;22.31956042;51.91;400;0.21;756;660;474
294;25.99690266;51.63;400;0.2;756;667;479
295;27.83376529;51.38;400;0.18;752;658;472
296;25.81502376;51.16;400;0.17;749;654;469
297;22.42980635;50.96;400;0.15;751;659;472
298;20.42705276;50.8;400;0.14;749;652;467
299;27.46860775;50.63;400;0.12;747;661;473
300;28.65515407;50.51;400;0.11;746;659;471
301;22.50778405;50.4;400;0.09;745;648;463
302;20.32908237;50.17;400;0.09;745;645;461
303;24.85584716;50.08;400;0.1;746;648;462
304;21.23002334;49.88;400;0.09;746;651;465
305;26.90967424;49.81;400;0.09;744;649;463
306;27.15903702;49.74;400;0.09;743;649;462
307;21.65578085;49.67;400;0.08;743;650;463
308;26.03157703;49.61;400;0.08;741;649;462
309;19.45349614;49.54;400;0.08;741;650;462
310;27.32021036;49.35;400;0.09;741;650;462
311;27.76578666;49.59;400;0.09;740;646;459
312;24.28113599;50.13;400;0.09;740;647;459
313;21.83722951;50.75;400;0.09;740;644;457
314;24.90484944;51.3;400;0.09;740;649;460
315;25.49172902;51.89;400;0.08;739;648;459
316;24.14144394;52.39;400;0.08;739;647;459
317;27.24580403;52.85;400;0.07;739;645;457
318;22.88076197;53.25;400;0.08;738;642;455
319;22.95616891;53.66;400;0.09;738;642;455
320;23.42879488;53.99;400;0.09;739;642;455
321;24.03619984;54.3;400;0.09;740;633;448
322;26.07781869;54.58;400;0.09;741;642;454
323;21.22919481;54.85;400;0.08;741;644;456
324;26.03733931;55.04;400;0.08;740;633;448
325;23.79096822;55.25;400;0.09;741;639;452
326;29.65316197;55.5;400;0.09;742;641;454
327;20.35885938;55.71;400;0.12;740;630;446
328;27.63384491;55.83;400;0.12;740;633;448
329;23.79398972;55.98;400;0.13;739;638;451
330;28.11983599;56.13;400;0.13;738;632;447
331;27.08951842;56.23;400;0.13;740;639;451
332;26.73695899;56.37;400;0.12;738;640;451
333;27.29835513;56.47;400;0.12;739;642;453
334;30.05613468;56.57;400;0.13;738;640;453
335;23.18526437;56.66;400;0.13;738;638;451
336;22.25293075;56.76;400;0.13;735;629;444
337;22.20298009;56.83;400;0.13;734;640;452
338;25.95639427;56.9;400;0.12;733;634;448
339;23.52196059;56.96;400;0.12;734;646;457
340;22.62123284;57.2;400;0.12;731;637;450
341;22.78725154;56.96;400;0.12;728;631;446
342;28.60434764;56.37;400;0.12;728;636;450
343;22.50786549;55.13;400;0.12;726;630;445
344;20.94523988;54.47;400;0.11;776;665;477
345;21.22889984;53.94;400;0.11;777;676;484
346;23.22553226;53.43;400;0.1;775;666;477
347;28.4707242;53.03;400;0.09;774;660;473
348;28.69990119;52.6;400;0.09;773;658;471
349;24.71904886;52.25;400;0.1;773;671;480
350;28.79334115;51.92;400;0.1;773;670;479
351;27.76846327;51.65;400;0.1;769;664;474
352;26.05051283;51.26;400;0.1;769;652;466
353;23.33377256;51.06;400;0.11;767;646;462
354;27.61790469;50.88;400;0.11;766;652;467
355;25.61878921;50.74;400;0.11;766;655;469
356;23.52446593;50.58;400;0.11;767;667;479
357;24.92839497;50.41;400;0.11;764;653;469
358;23.84753151;50.31;400;0.1;763;650;467
359;29.20660452;50.21;400;0.1;762;648;467
360;30.07634753;50.08;400;0.09;762;651;469
361;21.14140294;50;400;0.08;762;644;464
362;26.49071113;49.86;400;0.09;760;648;467
363;24.13998181;49.84;400;0.09;758;647;466
364;20.84216925;49.76;400;0.09;758;649;467
365;29.59360763;49.7;400;0.09;756;646;465
366;19.99266956;49.62;400;0.09;755;646;466
367;22.6811942;49.56;400;0.09;755;644;466
368;25.17013371;49.41;400;0.08;754;642;465
369;26.51337615;49.61;400;0.08;754;643;465
370;20.13914464;50.14;400;0.07;753;642;465
371;23.35253141;50.76;400;0.06;751;629;455
372;23.65556866;51.4;400;0.06;752;643;465
373;30.40453671;52.37;400;0.05;748;623;450
374;26.4343307;52.86;400;0.04;747;633;457
375;25.03434511;53.27;400;0.04;747;631;455
376;30.01343335;53.64;400;0.04;746;630;455
377;26.32989312;54;400;0.03;746;629;454
378;24.6434291;54.34;400;0.03;746;627;452
379;24.56935958;54.6;400;0.03;747;626;451
380;27.00167834;54.81;400;0.05;745;623;450
381;20.86674926;55.06;400;0.06;746;619;447
382;24.94260035;55.27;400;0.07;748;632;456
383;28.20683599;55.52;400;0.07;745;621;449
384;29.18685761;55.67;400;0.07;746;630;455
385;21.81388417;55.85;400;0.07;746;629;455
386;27.11937596;55.98;400;0.07;745;625;451
387;24.13357563;56.15;400;0.08;745;627;453
388;25.33494409;56.23;400;0.08;743;626;452
389;30.14119118;56.36;400;0.1;744;626;452
390;27.27489928;56.46;400;0.1;743;626;452
391;22.37084556;56.57;400;0.12;741;626;452
392;23.24149915;56.67;400;0.13;742;627;452
393;20.61695326;56.75;400;0.14;740;626;452
394;27.04737834;56.82;400;0.14;739;632;456
395;23.0635656;56.9;400;0.14;736;624;450
396;21.1104772;56.97;400;0.15;736;625;451
397;25.19913804;57.22;400;0.16;735;626;451
398;20.58514382;56.97;400;0.16;734;626;452
399;24.44764173;56.35;400;0.17;734;626;452
400;23.26805085;55.68;400;0.2;734;622;448
401;24.15055768;55;400;0.24;733;621;447
402;23.12741689;54.41;400;0.26;734;622;448
403;20.34639456;53.86;400;0.27;733;621;446
404;22.58398611;53.34;400;0.27;733;621;446
405;24.90968118;52.92;400;0.28;732;614;440
406;23.0140707;52.55;400;0.29;731;619;444
407;25.69353476;52.17;400;0.29;730;617;442
408;24.62448395;51.9;400;0.31;731;618;443
409;23.98826533;51.64;400;0.31;732;620;444
410;23.66646154;51.38;400;0.32;760;607;435
411;21.01830024;51.15;400;0.32;774;619;445
412;21.83768123;50.98;400;0.31;780;626;455
413;28.0019522;50.83;400;0.32;777;626;459
414;22.63260259;50.65;400;0.33;779;639;474
415;26.96813654;50.49;400;0.34;778;671;486
416;22.82448465;50.37;400;0.33;774;665;482
417;22.14658267;50.24;400;0.33;770;662;480
418;25.51855315;50.13;400;0.31;766;645;469
419;27.59003638;50.05;400;0.3;764;652;474
420;19.78235447;49.98;400;0.28;762;645;469
421;27.11963158;49.9;400;0.28;762;643;468
422;22.88107756;49.82;400;0.26;761;645;470
423;22.91411718;49.73;400;0.25;756;636;464
424;22.39605851;49.67;400;0.25;757;640;468
425;21.73811692;49.59;400;0.24;756;627;458
426;20.80864876;49.53;400;0.24;756;638;466
427;27.49082991;49.37;400;0.22;755;637;466
428;20.6274993;49.64;400;0.21;754;634;464
429;30.15101279;50.15;400;0.19;752;622;455
430;26.38373979;50.81;400;0.18;750;625;458
431;20.30447307;51.38;400;0.18;750;623;456
432;27.04311398;51.89;400;0.18;748;620;453
433;29.58111387;52.44;400;0.17;748;619;452
434;24.39602775;52.9;400;0.16;746;618;450
435;23.31593622;53.26;400;0.15;747;627;457
436;25.2627435;53.68;400;0.14;747;618;451
437;24.19644647;54.05;400;0.12;746;617;451
438;23.9614064;54.33;400;0.12;746;619;451
439;26.00115809;54.6;400;0.11;744;614;448
440;22.54300596;54.84;400;0.11;744;618;451
441;28.89260734;55.1;400;0.12;744;621;453
442;28.49169398;55.32;400;0.13;744;616;449
443;26.06195552;55.48;400;0.13;741;612;445
444;28.17320768;55.67;400;0.13;741;613;446
445;24.95497347;55.85;400;0.13;741;613;446
446;22.5836683;56;400;0.12;738;616;448
447;26.67566265;56.15;400;0.23;737;607;441
448;22.20455953;56.29;400;0.31;737;610;444
449;21.52740364;56.38;400;0.33;736;613;446
450;26.40862559;56.46;400;0.35;735;614;446
451;27.95331521;56.61;400;0.36;736;622;452
452;30.0160567;56.66;400;0.36;738;614;446
453;29.91713546;56.76;400;0.36;743;608;441
454;22.59181167;56.85;400;0.34;741;604;439
455;27.61148328;56.91;400;0.34;740;605;440
456;25.00766138;57;400;0.33;740;606;439
457;22.95994481;57.22;400;0.32;738;605;439
458;20.28095338;56.93;400;0.32;741;610;443
459;22.10459701;55.72;400;0.32;739;610;442
460;27.29184574;55.07;400;0.32;738;609;442
461;26.88527188;54.47;400;0.31;739;613;445
462;27.74090488;53.91;400;0.3;738;613;445
463;29.80990323;53.42;400;0.29;739;613;445
464;24.2909692;52.94;400;0.27;738;612;445
465;26.75688812;52.56;400;0.25;740;610;443
466;23.19540341;52.26;400;0.23;741;610;443
467;29.2847256;51.95;400;0.22;740;609;442
468;22.54205791;51.68;400;0.19;740;609;442
469;22.77904484;51.44;400;0.18;740;607;440
470;27.36271537;51.23;400;0.18;738;607;440
471;26.77853437;51.03;400;0.17;739;611;443
472;25.2096393;50.85;400;0.16;737;608;440
473;23.3156096;50.57;400;0.15;738;605;440
474;25.42975332;50.45;400;0.13;755;612;435
475;27.15164171;50.31;400;0.12;769;624;444
476;21.5078083;50.19;400;0.13;777;645;461
477;22.31775201;50.11;400;0.12;782;645;460
478;22.09964767;50.02;400;0.12;781;673;497
479;22.36569635;49.93;400;0.12;778;660;487
480;29.16386244;49.84;400;0.15;773;664;492
481;19.18829421;49.77;400;0.17;772;668;496
482;20.43956332;49.64;400;0.19;769;659;491
483;22.34253909;49.62;400;0.18;767;659;492
484;21.13930831;49.44;400;0.19;766;649;485
485;26.30785173;49.74;400;0.21;763;645;483
486;25.69784119;50.26;400;0.26;762;637;476
487;21.63491324;50.89;400;0.27;762;636;475
488;26.61475704;51.46;400;0.28;761;635;475
489;26.53267896;51.99;400;0.28;759;628;469
490;25.75472442;52.52;400;0.29;760;633;472
491;21.86043047;52.98;400;0.29;758;625;466
492;21.37988019;53.44;400;0.28;759;628;468
493;27.87261153;53.81;400;0.27;756;612;455
494;21.64611986;54.17;400;0.26;755;625;466
495;27.74379919;54.46;400;0.26;754;616;460
496;20.49267533;54.76;400;0.26;754;626;467
497;24.83317089;55.01;400;0.25;750;615;458
498;21.97496654;55.23;400;0.25;748;611;455
499;27.31149087;55.45;400;0.26;749;617;459
500;28.81334043;55.66;400;0.27;748;615;458
501;28.68881682;55.86;400;0.28;745;609;454
502;20.60827962;56.01;400;0.31;747;620;462
503;23.3634021;56.16;400;0.32;745;615;458
504;28.7974395;56.28;400;0.32;746;617;459
505;28.95925563;56.42;400;0.31;744;616;458
506;22.39837174;56.56;400;0.3;745;616;459
507;27.23004904;56.64;400;0.32;747;616;458
508;26.16948868;56.76;400;0.32;744;606;450
509;25.23976332;56.86;400;0.32;744;610;454
510;29.20846319;56.96;400;0.33;743;610;454
511;20.65033174;57.01;400;0.33;743;608;451
512;26.57305357;57.09;400;0.35;741;605;449
513;26.78983093;57.14;400;0.38;740;604;448
514;21.25611751;57.39;400;0.39;742;612;455
515;27.18725503;57.16;400;0.42;741;612;454
516;29.78069572;56.51;400;0.42;739;611;453
517;27.44892833;55.84;400;0.41;738;604;448
518;29.83921957;55.2;400;0.4;739;602;447
519;26.37827842;54.57;400;0.37;737;600;445
520;29.19796052;54;400;0.36;739;609;451
521;28.43099897;53.51;400;0.33;738;610;452
522;26.56104452;53.1;400;0.31;739;601;445
523;27.9225437;52.7;400;0.3;738;602;445
524;22.46133926;52.38;400;0.26;739;599;443
525;30.37998155;52.07;400;0.25;739;605;448
526;26.42572849;51.83;400;0.22;739;606;448
527;21.18038817;51.57;400;0.22;738;601;445
528;26.89022118;51.35;400;0.21;737;607;449
529;22.84173407;51.18;400;0.21;736;596;441
530;20.81118798;51.01;400;0.19;734;596;441
531;25.12068286;50.86;400;0.19;734;597;442
532;20.29935204;50.68;400;0.17;734;600;445
533;25.4615621;50.59;400;0.16;734;603;447
534;26.78490192;50.49;400;0.16;732;596;441
535;27.53127695;50.39;400;0.16;730;596;441
536;29.2006198;50.23;400;0.15;730;596;441
537;29.87713498;50.15;400;0.15;727;596;441
538;28.13340048;50.12;400;0.19;728;600;444
539;28.50990089;50;400;0.21;724;587;434
540;23.14776911;49.98;400;0.24;724;591;437
541;20.80008502;49.89;400;0.25;725;588;435
542;24.58429589;49.81;400;0.26;724;597;442
543;23.26207936;49.74;400;0.27;722;592;437
544;22.39130019;49.6;400;0.27;722;595;440
545;24.0599111;49.86;400;0.27;749;594;435
546;29.84604961;50.41;400;0.26;775;615;441
547;26.1430315;51.04;400;0.25;781;636;450
548;25.7375491;51.64;400;0.24;782;651;459
549;21.93381718;52.17;400;0.22;781;659;466
550;29.55881031;52.71;400;0.21;781;665;472
551;24.75574752;53.2;400;0.19;789;671;483
552;30.46404933;53.6;400;0.18;792;676;492
553;23.18138703;53.98;400;0.16;785;689;526
554;27.66370324;54.32;400;0.15;783;686;523
555;30.65919608;54.64;400;0.13;781;682;519
556;24.19858758;54.91;400;0.13;778;678;515
557;27.43173957;55.54;400;0.12;776;673;511
558;23.90625907;55.77;400;0.13;773;668;508
559;20.1277757;55.97;400;0.12;772;663;504
560;24.92649849;56.11;400;0.12;769;658;501
561;23.66915699;56.24;400;0.12;768;654;499
562;19.68877235;56.39;400;0.13;767;650;496
563;19.89508299;56.55;400;0.13;767;647;494
564;26.14396081;56.65;400;0.12;766;643;491
565;23.70002567;56.75;400;0.12;764;640;488
566;27.56573293;56.93;400;0.27;762;637;486
567;25.40864189;57.02;400;0.36;761;635;485
568;21.73830568;57.24;400;0.45;760;631;483
569;21.6663572;57.44;400;0.46;759;628;482
570;22.77536754;57.21;400;0.46;759;626;480
571;28.2472787;56.63;400;0.45;759;624;478
572;25.65487404;55.88;400;0.44;758;622;478
573;26.08802032;55.23;400;0.41;758;621;476
574;21.53842762;54.63;400;0.39;757;620;476
575;25.44645546;54.06;400;0.35;755;618;474
576;27.18371373;53.56;400;0.34;755;617;474
577;21.05037438;53.13;400;0.32;752;614;472
578;21.47597351;52.74;400;0.31;752;613;471
579;22.28916728;52.4;400;0.3;751;611;470
580;21.51696823;52.13;400;0.3;751;610;469
581;23.39398206;51.84;400;0.31;751;608;468
582;27.1475713;51.64;400;0.3;750;607;467
583;24.3202479;51.42;400;0.3;753;606;466
584;23.65915999;51.06;400;0.27;752;605;467
585;28.30387622;50.93;400;0.24;751;603;465
586;20.89986948;50.78;400;0.23;748;602;464
587;21.94083023;50.63;400;0.21;748;601;464
588;29.56215261;50.5;400;0.2;747;600;463
589;28.7672817;50.43;400;0.19;747;599;462
590;22.23385717;50.36;400;0.18;745;598;462
591;26.87692414;50.25;400;0.17;744;598;461
592;20.34218423;50.14;400;0.17;743;597;460
593;28.51469987;50.07;400;0.17;743;597;460
594;23.65158405;50;400;0.17;744;596;459
595;29.2640156;49.94;400;0.19;743;596;458
596;23.4392084;49.85;400;0.2;742;595;458
597;21.46569796;49.83;400;0.2;741;595;457
598;21.91288737;50.37;400;0.21;740;595;457
599;24.48247142;50.95;400;0.2;738;595;456
600;19.99404874;51.57;400;0.2;737;595;456
601;25.37047488;52.62;400;0.21;738;597;457
602;28.39426817;53.08;400;0.2;738;597;456
603;24.95162818;53.51;400;0.19;739;595;454
604;26.38014479;53.94;400;0.18;738;595;454
605;29.37942264;54.57;400;0.16;736;594;454
606;26.30055273;54.85;400;0.15;737;593;453
607;26.53403808;55.12;400;0.14;735;593;453
608;19.9545498;55.39;400;0.12;735;593;453
609;22.92564755;55.63;400;0.11;734;592;452
610;28.07493973;55.81;400;0.1;732;592;452
611;27.17941368;56.03;400;0.1;732;591;451
612;24.92675948;56.16;400;0.13;731;590;451
613;29.53464252;56.36;400;0.14;730;590;450
614;24.16204592;56.49;400;0.16;731;589;450
615;20.66067557;56.61;400;0.16;731;591;451
616;25.60339465;56.7;400;0.18;730;589;449
617;24.1736692;56.83;400;0.19;728;588;448
618;26.50499631;56.95;400;0.19;728;588;448
619;24.44010039;57.04;400;0.2;741;595;443
620;24.90648027;57.15;400;0.2;779;626;457
621;29.11304903;57.23;400;0.22;786;647;470
622;26.56910262;57.28;400;0.22;787;658;477
623;26.05101835;57.35;400;0.23;791;666;483
624;28.05555146;57.59;400;0.22;760;630;481
625;24.71914112;57.34;400;0.21;757;626;479
626;26.91245864;56.7;400;0.21;755;622;477
627;24.97694056;56.01;400;0.2;757;619;476
628;27.71799943;55.31;400;0.2;758;615;474
629;24.85564078;54.71;400;0.22;756;612;473
630;27.59876544;54.18;400;0.23;753;610;471
631;27.3417126;53.71;400;0.24;751;608;470
632;23.89358767;53.23;400;0.24;750;607;468
633;20.71787519;52.85;400;0.25;749;605;467
634;24.86855808;52.5;400;0.26;746;604;466
635;26.91836204;52.18;400;0.26;745;602;465
636;24.16723607;51.97;400;0.26;743;600;463
637;29.09524942;51.72;400;0.26;743;599;463
638;24.30189946;51.48;400;0.26;741;597;461
639;28.48990437;51.33;400;0.24;738;596;461
640;22.66464288;51.17;400;0.23;738;594;460
641;27.49250616;51.04;400;0.23;737;593;459
642;22.12536391;50.86;400;0.25;734;592;459
643;25.05913088;50.71;400;0.26;734;591;458
644;26.3622895;50.59;400;0.27;734;590;457
645;28.78394376;50.52;400;0.28;733;589;456
646;23.7098449;50.41;400;0.3;732;588;456
647;26.44372162;50.32;400;0.3;731;587;455
648;22.39978959;50.28;400;0.32;731;586;455
649;24.59370599;50.17;400;0.32;730;585;454
650;19.47666742;50.12;400;0.32;731;584;454
651;28.11538331;50.04;400;0.32;730;584;453
652;24.71713793;49.99;400;0.31;729;583;452
653;23.52440367;49.93;400;0.31;728;582;452
654;29.92877975;49.78;400;0.31;728;582;452
655;26.6916513;50.02;400;0.32;729;581;451
656;19.99776762;50.6;400;0.32;729;581;450
657;29.0332972;51.19;400;0.32;728;580;450
658;26.36354229;51.8;400;0.3;728;580;449
659;20.35735828;52.39;400;0.29;727;580;449
660;20.00084469;52.9;400;0.27;727;579;448
661;24.69315801;53.36;400;0.26;726;579;448
662;26.42385777;53.76;400;0.25;725;578;448
663;21.78887674;54.15;400;0.24;723;578;447
664;28.94109887;54.51;400;0.23;724;578;448
665;22.48141247;54.79;400;0.22;722;577;446
666;25.7611564;55.1;400;0.21;721;577;446
667;22.23898067;55.35;400;0.22;721;576;446
668;21.63150233;55.59;400;0.22;721;575;445
669;28.41294404;55.77;400;0.22;720;575;445
670;28.05745704;56;400;0.22;719;574;444
671;19.88083094;56.17;400;0.22;718;575;444
672;26.48906633;56.33;400;0.22;719;574;443
673;23.76798611;56.43;400;0.22;718;573;443
674;28.75151694;56.57;400;0.23;718;573;443
675;31.73919773;56.73;400;0.23;717;573;442
676;22.7250255;56.81;400;0.23;717;572;442
677;27.22641282;56.95;400;0.22;718;572;442
678;25.23318378;57;400;0.22;718;571;441
679;24.45406112;57.08;400;0.2;718;572;441
680;30.49279132;57.2;400;0.19;711;571;441
681;27.7299813;57.26;400;0.19;713;571;440
682;26.97422152;57.33;400;0.18;715;571;440
683;28.22349478;57.39;400;0.18;718;571;440
684;30.12704844;57.58;400;0.17;715;571;440
685;22.33090153;57.32;400;0.17;735;565;432
686;26.89841859;56.72;400;0.17;771;575;439
687;26.40345533;55.99;400;0.17;775;592;446
688;28.3800418;55.3;400;0.17;778;606;453
689;23.76366162;54.7;400;0.17;778;620;459
690;21.69269614;54.12;400;0.17;778;630;463
691;29.48488529;53.66;400;0.17;783;640;470
692;26.37458038;53.2;400;0.17;784;650;475
693;27.38402292;52.8;400;0.16;783;656;478
694;21.64698702;52.46;400;0.15;783;661;480
695;24.90611417;52.19;400;0.14;783;663;479
696;27.78548182;51.94;400;0.13;782;663;478
697;22.93566142;51.72;400;0.13;778;662;476
698;25.39264697;51.47;400;0.13;781;662;482
699;21.38326898;51.28;400;0.12;788;667;486
700;23.44536739;51.16;400;0.12;780;673;487
701;20.6614877;50.99;400;0.11;782;673;489
702;28.13585551;50.88;400;0.12;790;685;499
703;26.57146111;50.75;400;0.14;780;670;494
704;26.49724529;50.61;400;0.15;781;664;492
705;25.46962155;50.5;400;0.18;782;657;490
706;28.98316141;50.4;400;0.21;781;651;488
707;28.45008971;50.34;400;0.24;779;645;486
708;22.56706507;50.29;400;0.26;776;640;485
709;25.19264063;50.17;400;0.27;775;635;484
710;20.3806703;50.1;400;0.27;773;630;482
711;22.42798255;50.08;400;0.28;770;626;480
712;23.04538035;50;400;0.28;769;623;478
713;22.99433006;49.96;400;0.28;766;619;475
714;24.51786927;49.8;400;0.28;764;615;473
715;29.0270347;50.04;400;0.28;762;612;471
716;23.53486468;50.65;400;0.28;761;609;469
717;27.18104137;51.26;400;0.28;760;607;468
718;22.74838892;51.9;400;0.28;758;604;466
719;20.63991039;52.43;400;0.28;758;602;465
720;23.05460031;52.96;400;0.28;758;599;463
721;25.66654463;53.43;400;0.26;757;596;461
722;29.99297436;53.87;400;0.26;757;593;459
723;21.59399132;54.19;400;0.27;756;592;458
724;28.39976198;54.56;400;0.27;755;589;456
725;24.90686543;54.9;400;0.29;756;585;453
726;23.15258582;55.13;400;0.31;754;582;451
727;23.69487419;55.43;400;0.32;754;588;456
728;28.18512699;55.66;400;0.32;752;578;448
729;25.26115971;55.88;400;0.32;752;583;452
730;20.76756152;56.04;400;0.32;751;586;454
731;22.94035282;56.24;400;0.32;750;583;452
732;27.02324284;56.38;400;0.31;749;585;453
733;25.81088237;56.54;400;0.31;750;594;461
734;22.44091893;56.67;400;0.31;749;591;460
735;23.19143682;56.79;400;0.3;749;591;459
736;21.41532104;56.9;400;0.3;749;592;461
737;22.11291401;56.99;400;0.3;748;591;461
738;29.94082134;57.08;400;0.31;747;588;459
739;26.44322194;57.17;400;0.31;745;573;447
740;26.71216997;57.24;400;0.3;746;579;452
741;28.79179568;57.33;400;0.29;746;579;452
742;23.23861895;57.37;400;0.28;744;578;451
743;24.94285412;57.46;400;0.28;745;578;451
744;27.92930508;57.68;400;0.27;744;575;448
745;22.68454703;57.38;400;0.26;742;569;444
746;28.26857057;56.77;400;0.26;741;562;438
747;22.77134512;56.06;400;0.24;740;559;436
748;28.65906847;55.33;400;0.23;741;572;446
749;29.26901013;54.68;400;0.23;740;571;445
750;28.500321;54.17;400;0.24;739;570;444
751;23.00293884;53.65;400;0.26;740;578;450
752;22.74041523;53.22;400;0.26;739;576;449
753;26.2642884;52.86;400;0.28;776;575;446
754;28.81342594;52.51;400;0.28;786;599;455
755;24.58309314;52.23;400;0.27;789;621;463
756;20.66349456;51.9;400;0.26;790;636;467
757;21.28557073;51.71;400;0.25;787;644;471
758;25.2588899;51.49;400;0.24;787;649;475
759;21.75701258;51.34;400;0.25;790;656;478
760;20.80862146;51.15;400;0.26;793;664;484
761;25.97658517;51.05;400;0.26;794;669;488
762;24.63122957;50.88;400;0.27;794;673;492
763;27.66156335;50.76;400;0.28;792;675;495
764;28.57534251;50.68;400;0.28;791;677;498
765;23.82562893;50.54;400;0.27;790;668;510
766;25.45720214;50.47;400;0.26;787;662;508
767;24.3129675;50.39;400;0.24;788;656;506
768;24.80203007;50.39;400;0.23;786;649;505
769;29.8811575;50.3;400;0.22;785;643;503
770;23.9879967;50.19;400;0.2;784;638;502
771;21.01969223;50.14;400;0.2;782;633;500
772;22.4007909;50.11;400;0.22;780;628;499
773;26.26326172;50.04;400;0.23;780;624;497
774;25.05488032;49.87;400;0.25;777;620;496
775;28.88563169;50.16;400;0.25;776;616;493
776;24.9816105;50.75;400;0.28;774;613;492
777;24.20954744;51.38;400;0.28;773;610;490
778;25.61861302;52;400;0.29;771;607;489
779;27.32047923;52.56;400;0.28;770;604;486
780;24.2241281;53.12;400;0.28;769;602;486
781;29.48841785;53.56;400;0.28;767;599;484
782;24.15631857;54.03;400;0.27;766;597;483
783;25.91289396;54.39;400;0.26;765;594;481
784;26.67339973;54.99;400;0.23;765;592;480
785;27.68072327;55.27;400;0.23;763;591;479
786;20.73862576;55.57;400;0.22;763;589;478
787;20.62414743;55.84;400;0.21;762;588;477
788;25.26549245;56.02;400;0.19;761;587;476
789;27.15455882;56.2;400;0.18;760;586;475
790;22.05946204;56.37;400;0.17;760;584;474
791;27.93607566;56.53;400;0.16;760;583;474
792;21.41651196;56.67;400;0.14;760;583;473
793;23.10131249;56.81;400;0.14;759;582;472
794;27.12738451;56.92;400;0.13;758;581;471
795;29.0523022;57.06;400;0.14;758;580;470
796;24.89253201;57.22;400;0.14;757;579;469
797;22.48271796;57.36;400;0.14;755;578;469
798;28.59812299;57.45;400;0.15;756;576;468
799;29.15868888;57.53;400;0.15;755;575;468
800;28.96205455;57.6;400;0.16;755;575;468
801;28.85883424;57.67;400;0.17;754;574;467
802;23.47595686;57.86;400;0.18;754;573;466
803;24.21181679;57.57;400;0.18;752;572;466
804;21.81290536;56.93;400;0.18;752;571;465
805;29.80416741;56.19;400;0.18;752;571;465
806;27.18626177;55.5;400;0.18;751;570;464
807;26.14235606;54.88;400;0.17;750;569;464
808;22.68198495;54.28;400;0.16;750;569;463
809;26.20047132;53.84;400;0.16;750;568;463
810;23.29939023;53.4;400;0.15;751;568;463
811;27.52661037;53;400;0.15;750;566;462
812;20.39140517;52.69;400;0.16;749;567;462
813;25.8272576;52.38;400;0.16;749;565;461
814;25.1517162;52.12;400;0.16;750;565;461
815;28.55827252;51.85;400;0.15;749;564;460
816;19.37806602;51.69;400;0.15;747;564;460
817;26.54107113;51.54;400;0.14;747;564;460
818;24.18413333;51.33;400;0.13;746;564;459
819;30.17091748;51.21;400;0.12;770;586;461
820;25.52350338;51.08;400;0.11;779;609;468
821;26.07882181;50.96;400;0.1;779;628;473
822;29.54474349;50.84;400;0.1;778;638;478
823;22.4111526;50.74;400;0.08;776;641;480
824;26.75913039;50.62;400;0.09;779;640;481
825;27.33625626;50.59;400;0.1;790;646;487
826;22.23436357;50.48;400;0.11;791;653;488
827;21.62185923;50.34;400;0.11;791;658;489
828;28.8394266;50.26;400;0.11;795;663;492
829;22.88561623;50.2;400;0.12;797;671;499
830;27.25319449;50.18;400;0.12;793;674;500
831;29.22545376;49.97;400;0.13;791;675;500
832;22.69622141;50.3;400;0.13;790;675;500
833;29.03897248;50.91;400;0.15;786;674;499
834;20.9798287;51.51;400;0.15;794;677;506
835;22.8644216;52.14;400;0.16;790;667;510
836;26.02740794;52.67;400;0.17;789;661;508
837;25.54090939;53.2;400;0.18;790;655;505
838;26.80240688;53.67;400;0.18;790;649;503
839;24.83813987;54.11;400;0.18;787;642;502
840;23.58181372;54.51;400;0.18;785;637;500
841;26.57392188;54.8;400;0.17;782;631;498
842;22.68707444;55.13;400;0.18;782;626;496
843;27.90013188;55.4;400;0.19;781;621;495
844;25.23962957;55.6;400;0.19;780;617;494
845;24.69658481;55.88;400;0.2;779;613;492
846;24.92797208;56.11;400;0.21;779;609;491
847;25.33331713;56.26;400;0.22;776;606;490
848;25.11832666;56.42;400;0.23;775;603;488
849;22.34732087;56.56;400;0.24;774;600;487
850;20.29035548;56.71;400;0.28;773;598;486
851;30.44867942;56.87;400;0.29;772;596;485
852;27.07997863;56.95;400;0.31;771;593;483
853;22.74643265;57.07;400;0.33;770;594;486
854;20.23318115;57.15;400;0.35;769;589;481
855;25.15706416;57.27;400;0.35;772;589;482
856;26.4798916;57.35;400;0.35;768;586;479
857;28.97549493;57.44;400;0.34;767;584;478
858;20.7436499;57.51;400;0.34;767;583;478
859;29.77258811;57.83;400;0.38;766;581;477
860;28.82688889;57.5;400;0.39;766;581;476
861;26.41061793;56.85;400;0.4;766;580;476
862;21.0366427;55.53;400;0.4;766;579;475
863;20.49622642;54.87;400;0.38;765;578;475
864;27.43981551;54.29;400;0.37;765;578;474
865;29.16593895;53.4;400;0.37;766;577;473
866;26.87255614;53.03;400;0.35;765;579;475
867;25.80495897;52.67;400;0.34;764;575;472
868;27.66535652;52.32;400;0.32;764;574;471
869;29.34149771;52.06;400;0.31;763;573;471
870;23.84979975;51.85;400;0.29;764;571;470
871;22.43999848;51.65;400;0.28;763;570;470
872;29.85243057;51.43;400;0.27;763;569;469
873;26.06791849;51.31;400;0.24;762;568;469
874;24.99554171;51.14;400;0.23;761;566;468
875;25.84021887;51.01;400;0.21;760;565;468
876;22.51581768;50.86;400;0.19;759;565;467
877;22.14862663;50.76;400;0.17;758;565;467
878;27.37079244;50.62;400;0.17;758;565;467
879;23.21644678;50.52;400;0.16;759;565;467
880;27.55705205;50.46;400;0.15;760;565;467
881;23.52140393;50.39;400;0.15;758;564;466
882;23.17259019;50.33;400;0.15;757;563;466
883;21.82994637;50.25;400;0.14;755;562;465
884;21.72302763;50.17;400;0.14;755;562;465
885;21.71931002;50.13;400;0.14;754;561;464
886;26.26561084;50.06;400;0.14;754;561;464
887;21.35086239;49.9;400;0.15;754;560;463
888;26.12011042;50.16;400;0.15;753;559;463
889;27.68823054;50.78;400;0.15;753;558;463
890;24.19860817;51.42;400;0.15;762;560;459
891;27.94640443;51.98;400;0.15;771;575;465
892;25.52234309;52.58;400;0.15;779;586;473
893;24.54482769;53.13;400;0.16;784;595;478
894;29.13101598;53.59;400;0.16;786;596;483
895;29.76703175;53.99;400;0.16;789;598;486
896;22.44189621;54.39;400;0.16;791;612;491
897;27.5216135;54.68;400;0.16;794;624;495
898;28.34321092;55;400;0.16;793;632;496
899;22.71294304;55.28;400;0.16;792;638;497
900;22.42263544;55.48;400;0.16;791;643;496
901;27.82057102;55.78;400;0.17;791;647;495
902;26.85390956;55.95;400;0.18;792;651;499
903;27.13966661;56.16;400;0.18;793;656;502
904;22.09185754;56.29;400;0.19;794;659;506
905;20.444716;56.44;400;0.19;795;660;509
906;29.27905091;56.56;400;0.18;795;656;509
907;27.39168921;56.84;400;0.16;795;651;510
908;20.35178792;56.97;400;0.15;794;642;508
909;23.86920882;57.11;400;0.14;795;636;509
910;25.72246878;57.22;400;0.14;794;635;512
911;22.21918417;57.28;400;0.14;793;640;514
912;29.06993503;57.4;400;0.14;795;648;515
913;20.47200059;57.41;400;0.14;796;653;514
914;24.20377282;57.65;400;0.14;793;657;514
915;30.07226934;57.34;400;0.13;795;660;514
916;21.23478928;56.64;400;0.13;790;637;509
917;20.44276742;55.86;400;0.12;789;630;507
918;24.07372629;55.21;400;0.11;788;624;505
919;20.83148346;54.57;400;0.1;785;619;503
920;28.56681313;54;400;0.1;781;614;502
921;20.451758;53.5;400;0.22;780;608;500
922;22.00219887;53.1;400;0.28;779;603;498
923;27.04441651;52.72;400;0.31;778;598;497
924;26.26083918;52.36;400;0.32;776;593;494
925;23.74088917;52.07;400;0.31;773;589;492
926;28.83463457;51.82;400;0.3;773;586;491
927;25.64551862;51.59;400;0.29;770;582;489
928;28.66850962;51.39;400;0.27;769;579;487
929;29.36809121;51.24;400;0.26;767;577;486
930;27.35927944;51.05;400;0.24;767;574;485
931;28.65699673;50.9;400;0.23;766;572;483
932;27.20734835;50.65;400;0.19;765;571;482
933;21.54015669;50.53;400;0.17;765;569;481
934;20.97725945;50.46;400;0.16;764;567;480
935;26.60342566;50.35;400;0.15;763;565;480
936;21.62329515;50.26;400;0.2;762;563;479
937;27.80352994;50.17;400;0.26;762;562;478
938;21.73628787;50.1;400;0.29;761;560;477
939;29.5185153;50.03;400;0.31;760;559;476
940;28.63660729;49.97;400;0.32;760;557;476
941;26.70252099;49.92;400;0.32;758;556;475
942;26.9995929;49.89;400;0.31;758;555;474
943;22.21320768;49.66;400;0.3;757;554;474
944;19.68355434;49.97;400;0.29;756;553;473
945;29.38755744;50.61;400;0.27;756;552;472
946;28.23235081;51.28;400;0.25;756;552;472
947;28.43954432;51.87;400;0.24;756;551;471
948;23.10265254;52.47;400;0.22;756;550;471
949;22.81924477;52.96;400;0.21;755;549;470
950;28.34406287;53.43;400;0.2;754;548;469
951;29.21201947;54.17;400;0.17;753;548;469
952;22.68298398;54.52;400;0.17;752;547;468
953;25.9760279;54.82;400;0.17;751;547;468
954;20.65302553;55.07;400;0.18;752;546;467
955;28.47995475;55.54;400;0.17;752;546;467
956;24.61812208;55.75;400;0.16;750;545;466
957;26.617577;55.94;400;0.15;751;545;466
958;25.43917599;56.08;400;0.15;751;544;466
959;27.91774019;56.23;400;0.13;750;544;465
960;26.89112425;56.38;400;0.13;751;543;465
961;23.06259449;56.51;400;0.13;749;543;464
962;20.5958888;56.59;400;0.14;750;542;464
963;26.76283138;56.72;400;0.14;748;542;464
964;28.82860244;56.82;400;0.14;748;541;464
965;20.86066205;56.92;400;0.15;748;541;463
966;20.45085448;57.02;400;0.15;747;541;463
967;24.07736485;57.13;400;0.15;746;540;462
968;22.83471941;57.18;400;0.14;745;540;463
969;24.64434351;57.23;400;0.14;745;538;462
970;23.53278631;57.31;400;0.13;753;550;465
971;23.62919565;57.52;400;0.12;767;563;470
972;23.5486783;57.17;400;0.12;774;585;477
973;25.13715651;56.53;400;0.12;781;613;485
974;27.05050113;55.78;400;0.13;789;636;492
975;27.30613269;55.05;400;0.13;792;649;496
976;26.51262868;54.42;400;0.13;793;656;500
977;27.97276898;53.85;400;0.13;792;660;502
978;28.27522617;53.41;400;0.14;790;662;503
979;25.89291371;52.96;400;0.15;796;665;505
980;22.57604048;52.59;400;0.15;797;668;505
981;21.0990742;52.27;400;0.16;796;669;505
982;25.29481411;51.97;400;0.15;795;669;503
983;23.29458628;51.73;400;0.15;793;667;502
984;22.58421247;51.47;400;0.14;790;665;502
985;26.98053549;51.28;400;0.14;789;664;501
986;23.38190122;51.12;400;0.15;796;668;509
987;29.91622243;50.95;400;0.16;796;674;511
988;22.32498487;50.8;400;0.16;797;674;507
989;29.38170745;50.69;400;0.16;795;670;502
990;21.46536415;50.54;400;0.17;792;665;500
991;24.02047847;50.43;400;0.16;793;659;498
992;21.56262768;50.34;400;0.16;792;652;497
993;19.45703243;50.25;400;0.16;793;649;498
994;27.95172154;50.18;400;0.17;793;646;500
995;21.82456249;50.07;400;0.18;792;645;502
996;26.78889027;50.04;400;0.18;791;643;503
997;22.27467865;49.93;400;0.19;791;648;501
998;29.74083537;49.9;400;0.2;789;639;500
999;24.03050537;49.81;400;0.21;788;630;498
1000;29.43133965;49.62;400;0.23;786;622;496
1001;27.81570947;49.94;400;0.24;785;614;495
1002;24.17247052;50.57;400;0.25;783;607;493
1003;29.64423669;51.21;400;0.27;783;601;492
1004;25.18573513;51.87;400;0.29;781;596;491
1005;24.42136649;52.43;400;0.32;781;592;490
1006;30.41232448;52.9;400;0.32;779;588;488
1007;24.58934483;53.41;400;0.32;779;585;487
1008;20.64386758;53.83;400;0.32;777;581;485
1009;25.94642638;54.2;400;0.31;775;579;484
1010;27.31980357;54.53;400;0.31;773;576;483
1011;23.27399694;54.83;400;0.31;772;574;482
1012;27.92179377;55.1;400;0.3;770;572;481
1013;29.76303075;55.32;400;0.28;768;570;480
1014;28.68661321;55.57;400;0.27;767;567;479
1015;25.50837054;55.78;400;0.27;766;566;478
1016;27.42442408;55.94;400;0.27;765;563;477
1017;21.58312163;56.11;400;0.26;764;561;476
1018;27.38983641;56.25;400;0.25;763;559;475
1019;22.80454546;56.41;400;0.25;762;557;474
1020;19.42288819;56.5;400;0.23;761;556;473
1021;19.1578876;56.63;400;0.23;760;554;472
1022;25.6409251;56.72;400;0.22;759;553;471
1023;22.17477927;56.82;400;0.22;761;552;471
1024;22.06968196;56.92;400;0.25;759;551;470
1025;26.72548219;57.02;400;0.27;759;550;469
1026;24.23124904;57.1;400;0.29;759;550;469
1027;26.84721852;57.16;400;0.3;758;549;468
1028;21.99759757;57.23;400;0.3;757;548;467
1029;27.52321446;57.27;400;0.3;756;547;467
1030;26.81827049;57.48;400;0.3;756;547;466
1031;27.7593723;57.13;400;0.3;757;546;466
1032;20.23112637;56.47;400;0.31;754;545;465
1033;26.1345824;55.7;400;0.31;754;545;464
1034;26.43703653;54.99;400;0.3;752;544;464
1035;27.0580689;54.39;400;0.3;753;543;463
1036;21.26611794;53.84;400;0.28;752;542;463
1037;24.15548381;53.32;400;0.28;752;541;462
1038;24.20563404;52.92;400;0.3;750;539;462
1039;26.75155474;52.48;400;0.31;750;538;461
1040;28.74649006;52.21;400;0.33;750;537;461
1041;23.20690483;51.92;400;0.34;748;536;460
1042;20.95909301;51.48;400;0.37;748;535;460
1043;29.21065132;51.31;400;0.37;748;534;459
1044;21.44768489;51.1;400;0.39;748;533;459
1045;25.53136918;50.96;400;0.39;746;533;458
1046;30.58473399;50.78;400;0.39;746;533;459
1047;27.5127479;50.63;400;0.38;745;533;458
1048;27.52827104;50.52;400;0.39;745;533;457
1049;24.13419968;50.39;400;0.39;745;532;457
1050;27.39024351;50.3;400;0.38;769;523;447
1051;29.1563442;50.14;400;0.39;778;536;449
1052;23.75567809;50.08;400;0.4;782;544;454
1053;20.20261554;49.91;400;0.37;784;551;459
1054;21.09250938;49.87;400;0.37;781;555;463
1055;28.54533028;49.84;400;0.37;780;561;470
1056;26.51706065;49.75;400;0.38;784;571;477
1057;27.51177242;49.59;400;0.38;785;581;480
1058;24.28325362;50.47;400;0.4;787;589;484
1059;27.69173673;51.15;400;0.42;786;593;486
1060;22.33472664;51.76;400;0.42;784;600;488
1061;20.88402327;52.79;400;0.42;785;607;490
1062;21.382766;53.28;400;0.42;790;620;492
1063;27.13772064;53.68;400;0.41;794;634;496
1064;27.34855847;54.06;400;0.4;793;643;499
1065;27.1243239;54.43;400;0.37;792;644;496
1066;25.36532107;54.72;400;0.36;792;649;498
1067;26.36291458;55.18;400;0.33;791;657;502
1068;29.61840328;55.4;400;0.32;791;662;507
1069;26.33937053;55.62;400;0.32;792;667;511
1070;22.34927631;55.79;400;0.31;794;670;513
1071;21.97371887;56;400;0.31;794;672;513
1072;27.4708221;56.07;400;0.31;794;672;513
1073;25.09391737;56.23;400;0.32;795;673;516
1074;19.91392883;56.35;400;0.32;795;653;506
1075;24.80734499;56.48;400;0.34;794;646;506
1076;21.17861647;56.69;400;0.33;792;638;505
1077;25.40158859;56.75;400;0.32;789;630;503
1078;20.00075511;56.82;400;0.3;787;622;502
1079;21.50067683;56.9;400;0.29;785;616;501
1080;22.46786986;56.97;400;0.27;784;609;499
1081;24.27404081;57;400;0.26;782;603;497
1082;27.65587319;57.06;400;0.25;779;597;495
1083;23.66919566;57.27;400;0.24;778;592;494
1084;20.24402378;56.97;400;0.22;778;588;492
1085;28.58884714;56.25;400;0.21;777;584;491
1086;21.87803924;55.46;400;0.21;778;581;489
1087;25.78871901;54.8;400;0.22;776;575;485
1088;26.7689522;54.15;400;0.22;776;578;489
1089;27.13660658;53.64;400;0.24;774;572;485
1090;26.53678002;53.13;400;0.25;772;571;485
1091;26.520577;52.69;400;0.25;771;570;486
1092;25.58701297;52.33;400;0.25;769;566;482
1093;20.67409828;51.76;400;0.24;770;564;480
1094;23.17547904;51.49;400;0.23;768;564;482
1095;24.70029375;51.27;400;0.23;766;554;474
1096;28.62376814;51.07;400;0.22;765;558;478
1097;26.7065044;50.9;400;0.21;764;555;476
1098;23.53958012;50.72;400;0.2;762;551;474
1099;29.68475481;50.54;400;0.18;763;554;477
1100;20.3381124;50.47;400;0.18;763;549;473
1101;24.14805728;50.3;400;0.19;763;551;475
1102;26.54493487;50.23;400;0.19;760;549;475
1103;24.59792685;50.09;400;0.19;760;549;474
1104;25.12958639;49.98;400;0.19;759;548;474
1105;20.87588585;49.91;400;0.23;757;547;473
1106;21.86579032;49.81;400;0.26;758;546;472
1107;25.31060356;49.79;400;0.29;756;545;472
1108;24.67543161;49.71;400;0.3;757;543;470
1109;23.85186394;49.59;400;0.34;756;542;470
1110;20.23357193;49.54;400;0.35;756;541;469
1111;28.13536536;49.66;400;0.35;756;543;471
1112;25.00396662;50.85;400;0.33;754;539;468
1113;26.22419128;52.02;400;0.31;754;539;467
1114;23.43935372;52.5;400;0.31;752;537;466
1115;23.84140926;52.99;400;0.32;752;537;467
1116;29.47694664;53.43;400;0.32;753;537;467
1117;27.31208751;53.83;400;0.32;751;535;465
1118;25.13945609;54.15;400;0.32;751;535;465
1119;21.26672844;54.44;400;0.35;751;534;465
1120;22.12192753;54.72;400;0.36;750;534;464
1121;23.18474149;54.97;400;0.38;749;533;464
1122;29.226145;55.16;400;0.38;748;532;463
1123;23.12349203;55.34;400;0.39;747;528;459
1124;22.28079913;55.56;400;0.39;745;526;457
1125;22.94730917;55.7;400;0.4;743;524;455
1126;26.70293752;55.88;400;0.4;744;529;460
1127;22.07792475;56.03;400;0.4;744;526;458
1128;25.96645438;56.21;400;0.37;742;520;452
1129;23.00459605;56.33;400;0.34;746;534;461
1130;27.67105109;56.47;400;0.31;776;558;471
1131;21.17598901;56.56;400;0.35;787;579;481
1132;28.34121426;56.66;400;0.37;791;593;487
1133;22.31451253;56.74;400;0.39;790;599;490
1134;24.78103432;56.79;400;0.39;788;601;493
1135;27.26829601;56.86;400;0.38;793;605;496
1136;20.88886123;56.74;400;0.36;796;615;501
1137;20.95530943;56.05;400;0.35;794;627;503
1138;26.85543657;55.29;400;0.34;794;640;504
1139;26.79001482;54.62;400;0.33;795;648;504
1140;22.1260508;53.95;400;0.35;795;653;505
1141;30.38992028;53.39;400;0.36;794;655;505
1142;25.62074733;52.91;400;0.36;794;656;505
1143;21.41564803;52.15;400;0.36;793;652;504
1144;25.91862455;51.81;400;0.39;793;646;506
1145;27.40199245;51.54;400;0.39;795;644;506
1146;27.45364679;51.32;400;0.38;796;644;505
1147;29.01718049;50.87;400;0.37;796;643;504
1148;21.79610567;50.69;400;0.39;792;641;504
1149;26.2002083;50.48;400;0.4;786;638;503
1150;24.36900123;50.36;400;0.42;791;634;503
1151;22.11718924;50.23;400;0.42;797;642;504
1152;27.30934981;50.08;400;0.43;796;653;511
1153;23.36514589;49.99;400;0.42;797;658;511
1154;29.59338848;49.89;400;0.45;798;661;512
1155;29.83933652;49.8;400;0.45;795;662;512
1156;28.62237412;49.68;400;0.44;794;662;510
1157;26.09247678;49.64;400;0.43;794;662;511
1158;25.99935879;49.56;400;0.4;793;659;509
1159;25.39067672;49.46;400;0.4;794;653;509
1160;29.87669664;49.43;400;0.4;793;650;510
1161;25.79678672;49.36;400;0.4;796;644;512
1162;20.70706482;49.3;400;0.41;795;637;514
1163;27.57981479;49.16;400;0.41;793;630;514
1164;24.19314886;49.49;400;0.42;791;623;513
1165;21.03302762;50.16;400;0.42;789;618;513
1166;21.14983249;50.81;400;0.41;787;614;512
1167;27.42498482;51.44;400;0.39;787;611;512
1168;26.54166195;51.99;400;0.38;786;608;511
1169;20.33934737;52.92;400;0.38;789;606;511
1170;23.13150767;53.34;400;0.37;788;602;510
1171;24.98401646;53.97;400;0.37;789;597;509
1172;22.33088024;54.25;400;0.38;791;592;507
1173;29.01216388;54.53;400;0.38;788;588;506
1174;23.76253435;55.08;400;0.36;786;583;505
1175;20.04434629;55.29;400;0.34;785;578;504
1176;23.51661046;55.58;400;0.3;782;573;502
1177;29.78046762;55.68;400;0.29;779;569;500
1178;24.25492918;55.8;400;0.27;777;565;499
1179;29.46181614;55.92;400;0.28;776;563;497
1180;22.92633296;56.03;400;0.3;775;561;495
1181;20.66009559;56.11;400;0.32;773;560;494
1182;29.73021008;56.19;400;0.34;771;559;492
1183;25.57512927;56.35;400;0.36;769;559;491
1184;19.96666123;56.4;400;0.36;767;557;488
1185;26.64410603;56.43;400;0.36;766;555;487
1186;21.19278958;56.5;400;0.38;767;552;485
1187;27.19825872;56.71;400;0.39;765;550;484
1188;24.88421257;56.34;400;0.43;765;548;483
1189;21.18494453;54.97;400;0.45;763;547;482
1190;22.52914745;54.26;400;0.47;765;546;481
1191;26.492709;53.66;400;0.49;764;545;480
1192;25.41324275;53.07;400;0.54;764;544;480
1193;28.26269165;52.57;400;0.56;764;544;479
1194;27.49653312;52.17;400;0.57;765;544;479
1195;23.98106917;51.78;400;0.57;765;544;478
1196;27.89655322;51.45;400;0.55;764;544;477
1197;23.35536227;51.2;400;0.54;764;544;477
1198;21.25164279;50.92;400;0.53;763;543;476
1199;29.04772034;50.69;400;0.51;762;542;476
1200;22.30654151;50.5;400;0.51;761;542;475
1201;28.78924652;50.28;400;0.5;761;541;474
1202;22.37887398;50.1;400;0.47;759;540;473
1203;27.81678422;49.95;400;0.46;758;539;472
1204;24.39185704;49.83;400;0.42;758;538;472
1205;23.73182481;49.74;400;0.4;757;536;471
1206;21.84325084;49.65;400;0.37;756;535;470
1207;25.48675998;49.55;400;0.37;758;533;470
1208;26.30358183;49.36;400;0.38;756;531;469
1209;22.26518925;49.3;400;0.4;755;530;470
1210;22.2469083;49.22;400;0.43;754;529;468
1211;22.55711129;49.13;400;0.44;754;527;467
1212;21.52868125;49.09;400;0.45;754;526;467
1213;25.87811606;49.06;400;0.45;753;525;466
1214;21.09129883;48.98;400;0.44;752;524;467
1215;27.68615287;48.84;400;0.43;751;522;465
1216;26.28932956;49.18;400;0.43;751;522;465
1217;28.53673382;49.82;400;0.42;751;520;464
1218;26.37282645;50.52;400;0.4;750;519;464
1219;25.69895887;51.11;400;0.39;749;518;464
1220;20.75920249;51.74;400;0.39;749;518;463
1221;26.71369152;52.23;400;0.39;748;517;463
1222;27.37069825;52.67;400;0.41;748;516;463
1223;25.80056124;53.05;400;0.41;757;506;452
1224;29.37874129;53.43;400;0.4;774;509;452
1225;23.81995332;53.77;400;0.4;781;514;454
1226;20.50083264;54;400;0.4;781;523;457
1227;27.65983616;54.28;400;0.39;781;533;460
1228;27.91020372;54.48;400;0.38;780;549;469
1229;30.46197256;54.7;400;0.37;783;563;479
1230;22.37377187;54.88;400;0.36;789;580;487
1231;25.16790371;55.03;400;0.36;792;596;493
1232;21.90677985;55.14;400;0.35;790;608;497
1233;21.6652803;55.29;400;0.36;790;618;500
1234;25.52841029;55.68;400;0.37;791;623;490
1235;30.02421016;55.93;400;0.35;794;647;503
1236;21.28546404;56.01;400;0.37;793;654;504
1237;20.91607931;56.08;400;0.39;795;662;508
1238;26.01838716;56.13;400;0.43;790;662;507
1239;24.25843376;56.17;400;0.46;788;657;496
1240;27.04448994;56.36;400;0.51;787;663;504
1241;27.14493267;55.94;400;0.52;791;665;505
1242;26.04028308;55.26;400;0.54;793;662;502
1243;29.80431872;54.51;400;0.54;798;676;513
1244;29.05484014;53.82;400;0.54;797;680;515
1245;24.82189767;53.23;400;0.55;803;683;519
1246;27.11633911;52.65;400;0.56;800;672;522
1247;26.42171456;52.19;400;0.58;799;661;521
1248;23.28890796;51.78;400;0.59;797;650;520
1249;26.26007899;51.48;400;0.59;795;639;518
1250;25.85136514;51.18;400;0.59;791;631;517
1251;20.31190506;50.87;400;0.58;789;623;515
1252;22.88452086;50.57;400;0.57;786;617;514
1253;24.81539154;50.39;400;0.54;785;611;512
1254;21.39302494;50.16;400;0.53;784;607;510
1255;25.50101209;50;400;0.52;784;602;509
1256;21.06628415;49.86;400;0.51;783;598;507
1257;28.98827881;49.74;400;0.5;781;593;505
1258;22.16386487;49.6;400;0.49;780;589;503
1259;23.34702027;49.46;400;0.47;779;585;502
1260;28.21983645;49.39;400;0.46;778;582;501
1261;26.58078825;49.29;400;0.45;777;579;500
1262;20.55845051;49.22;400;0.44;777;575;498
1263;22.8017425;49.08;400;0.44;775;572;496
1264;30.00031942;48.99;400;0.45;774;570;495
1265;21.68110088;48.92;400;0.45;772;566;494
1266;27.292265;48.85;400;0.45;771;564;493
1267;24.07933143;48.81;400;0.45;771;561;491
1268;22.24862475;48.74;400;0.45;769;559;490
1269;22.96909581;48.61;400;0.46;769;558;489
1270;24.43056227;48.94;400;0.46;768;556;488
1271;25.29189948;49.63;400;0.47;768;554;488
1272;25.39562588;50.29;400;0.49;766;552;486
1273;26.56169216;50.96;400;0.52;766;550;485
1274;25.03449388;51.51;400;0.54;765;548;484
1275;20.94745128;52.03;400;0.55;765;546;484
1276;21.72797264;52.46;400;0.56;763;544;482
1277;26.21309334;52.88;400;0.56;763;542;481
1278;24.00287615;53.22;400;0.54;762;539;478
1279;26.36904938;53.53;400;0.54;760;539;479
1280;20.50068884;53.98;400;0.52;760;538;478
1281;20.27531791;54.21;400;0.52;759;536;477
1282;30.25315213;54.4;400;0.51;759;528;466
1283;27.89886267;54.58;400;0.48;759;533;474
1284;22.12345775;54.74;400;0.46;758;533;473
1285;31.51302939;54.9;400;0.43;756;531;472
1286;22.01047202;55;400;0.42;756;532;473
1287;23.89008746;55.14;400;0.41;756;531;472
1288;29.95292694;55.23;400;0.41;754;529;470
1289;28.34174434;55.32;400;0.4;756;528;470
1290;21.22244177;55.43;400;0.4;754;528;470
1291;24.50559924;55.52;400;0.39;754;529;471
1292;23.2408547;55.65;400;0.38;754;530;471
1293;30.15984717;55.74;400;0.4;754;531;472
1294;24.12643848;55.82;400;0.41;752;531;471
1295;20.99685569;55.96;400;0.41;751;530;470
1296;25.17181429;56.16;400;0.41;751;528;469
1297;27.32953545;55.76;400;0.43;750;528;469
1298;28.55800801;55.07;400;0.43;748;527;468
1299;19.72858491;54.37;400;0.42;749;526;467
1300;26.54601841;53.69;400;0.41;747;526;467
1301;28.28913728;53.08;400;0.4;747;524;466
1302;20.19805307;52.56;400;0.42;746;524;465
1303;27.98595302;52.09;400;0.44;748;529;461
1304;24.51717612;51.71;400;0.44;773;549;468
1305;24.00310457;51.39;400;0.43;784;563;477
1306;27.50066896;51.06;400;0.47;790;572;482
1307;24.5649311;50.8;400;0.49;791;580;486
1308;22.06809488;50.57;400;0.5;792;584;488
1309;26.29914122;50.36;400;0.51;791;586;489
1310;24.50509542;50.2;400;0.51;792;588;491
1311;20.93764225;50.04;400;0.5;788;588;491
1312;21.63839376;49.91;400;0.49;791;585;489
1313;22.09116738;49.77;400;0.48;790;585;491
1314;25.19665661;49.67;400;0.47;792;584;495
1315;25.42275619;49.58;400;0.48;791;578;494
1316;22.00341634;49.51;400;0.49;791;588;500
1317;21.16588502;49.41;400;0.49;791;605;505
1318;23.81791013;49.35;400;0.49;794;623;508
1319;23.58015978;49.33;400;0.5;795;636;509
1320;27.33385239;49.24;400;0.51;796;642;509
1321;27.6165079;49.2;400;0.51;796;644;509
1322;25.11487141;49.13;400;0.5;797;643;508
1323;20.85067865;49.07;400;0.5;799;638;506
1324;28.99862991;49.04;400;0.49;798;630;505
1325;21.90044955;48.96;400;0.5;798;620;504
1326;26.34897586;48.8;400;0.51;800;621;509
1327;26.96925365;49.19;400;0.52;802;624;509
1328;25.90847136;49.86;400;0.52;801;633;513
1329;23.16693308;51.17;400;0.53;801;634;508
1330;22.71116832;51.71;400;0.53;801;645;513
1331;27.29287943;52.22;400;0.53;800;645;512
1332;25.77962027;52.68;400;0.53;800;645;514
1333;30.22327974;53.06;400;0.52;801;644;518
1334;27.97748668;53.43;400;0.53;798;633;517
1335;26.7439849;53.75;400;0.53;796;623;516
1336;24.18049638;54.08;400;0.53;793;616;516
1337;29.36359373;54.33;400;0.53;790;609;515
1338;21.94036562;54.56;400;0.55;791;602;513
1339;22.07228546;54.8;400;0.55;791;597;511
1340;21.02370821;55;400;0.58;792;592;510
1341;24.16877113;55.16;400;0.6;791;587;509
1342;26.50532106;55.33;400;0.64;788;583;507
1343;20.93181549;55.45;400;0.65;786;578;506
1344;22.26107464;55.62;400;0.68;784;575;505
1345;27.36329229;55.73;400;0.67;783;571;503
1346;30.70640876;55.88;400;0.66;782;568;502
1347;30.45732347;55.95;400;0.66;781;565;500
1348;22.20906523;56.06;400;0.65;779;561;499
1349;22.97011444;56.16;400;0.63;778;559;498
1350;24.39117638;56.23;400;0.63;778;557;496
1351;27.69922544;56.26;400;0.63;775;555;494
1352;26.91587621;56.36;400;0.64;774;554;493
1353;23.03862364;56.43;400;0.65;774;553;491
1354;21.12620568;56.46;400;0.65;774;552;490
1355;24.26750659;56.66;400;0.65;771;551;488
1356;22.78686083;56.22;400;0.64;771;550;487
1357;27.27353909;55.49;400;0.61;769;548;485
1358;22.51170331;54.7;400;0.59;768;540;478
1359;28.50121453;54;400;0.55;768;538;477
1360;20.64918742;53.37;400;0.52;767;538;478
1361;21.3494701;52.83;400;0.47;769;539;479
1362;22.81312643;52.35;400;0.46;767;532;474
1363;26.99230024;51.95;400;0.45;768;534;477
1364;27.07502331;51.57;400;0.44;766;527;471
1365;28.90603357;51.29;400;0.42;765;533;478
1366;21.65127211;51;400;0.41;766;532;478
1367;27.12980966;50.78;400;0.4;762;527;473
1368;22.4099379;50.54;400;0.39;762;527;474
1369;21.18006297;50.37;400;0.38;761;528;476
1370;25.55654848;50.2;400;0.37;762;528;476
1371;20.84194822;50.04;400;0.37;762;528;475
1372;27.08486692;49.83;400;0.36;761;527;475
1373;20.30916081;49.71;400;0.37;761;526;474
1374;28.90774228;49.58;400;0.39;759;525;473
1375;25.02420643;49.47;400;0.41;759;523;472
1376;24.26860131;49.4;400;0.42;758;522;472
1377;21.97894231;49.29;400;0.44;756;522;471
1378;24.87377363;49.22;400;0.44;756;521;470
1379;27.49226401;49.16;400;0.46;755;520;469
1380;25.43659829;49.11;400;0.46;753;519;469
1381;29.35245827;49.04;400;0.5;753;518;468
1382;22.00221548;49;400;0.51;752;517;467
1383;19.70475131;48.93;400;0.55;750;516;466
1384;21.76708024;48.76;400;0.56;750;515;467
1385;28.82684737;49.16;400;0.55;750;514;465
1386;23.07528293;49.8;400;0.55;750;513;465
1387;29.35276665;50.52;400;0.53;750;513;464
1388;24.94143458;51.19;400;0.54;749;511;464
1389;26.73551696;51.75;400;0.53;749;511;464
1390;26.611007;52.24;400;0.52;752;510;463
1391;23.53190817;52.69;400;0.51;750;508;462
1392;28.36230759;53.07;400;0.51;768;527;463
1393;25.55688627;53.66;400;0.48;783;545;470
1394;24.62931065;53.98;400;0.48;789;556;473
1395;23.88937877;54.22;400;0.51;789;562;475
1396;20.79880341;54.44;400;0.52;793;577;483
1397;20.83876125;54.61;400;0.53;793;589;487
1398;26.80279276;54.76;400;0.52;792;597;488
1399;25.77659267;54.92;400;0.55;792;598;487
1400;26.2750513;55.07;400;0.59;792;616;498
1401;21.92051881;55.19;400;0.59;792;621;498
1402;21.68391127;55.31;400;0.77;793;637;506
1403;25.59446174;55.39;400;0.82;793;644;508
1404;19.24461229;55.53;400;0.89;792;648;510
1405;26.19047485;55.63;400;0.9;794;651;509
1406;29.67775609;55.69;400;0.92;796;652;509
1407;20.58356269;55.77;400;0.93;797;656;511
1408;27.08286462;55.88;400;0.95;800;666;517
1409;28.24211405;55.94;400;0.97;801;671;519
1410;24.12309687;56.06;400;0.97;803;673;519
1411;24.30891936;56.12;400;0.95;802;650;535
1412;25.93504356;56.17;400;0.92;801;643;533
1413;26.24084866;56.4;400;0.92;799;636;531
1414;28.48274429;55.91;400;0.89;796;630;528
1415;25.24391665;55.22;400;0.87;792;623;526
1416;22.37886182;54.46;400;0.85;790;616;522
1417;28.2308956;53.78;400;0.84;787;610;520
1418;28.54633577;53.16;400;0.82;784;604;518
1419;21.35868426;52.63;400;0.81;782;599;516
1420;21.82110707;52.1;400;0.79;781;594;514
1421;22.61873402;51.79;400;0.76;779;590;512
1422;29.17264821;51.39;400;0.75;779;586;509
1423;23.8073131;51.1;400;0.71;777;582;507
1424;25.58675464;50.76;400;0.68;778;576;504
1425;24.2716957;50.51;400;0.67;780;585;514
1426;21.71970733;50.3;400;0.67;777;563;495
1427;21.50487201;50.1;400;0.67;776;563;495
1428;20.07170745;49.94;400;0.67;776;566;499
1429;24.96579754;49.78;400;0.67;776;565;499
1430;26.97812781;49.66;400;0.66;773;562;496
1431;26.91548055;49.56;400;0.64;775;562;496
1432;28.74138928;49.45;400;0.62;773;560;495
1433;27.51915324;49.37;400;0.61;771;557;493
1434;19.87141863;49.3;400;0.61;773;559;495
1435;25.26091038;49.16;400;0.6;769;558;495
1436;24.48560988;49.03;400;0.59;768;556;494
1437;28.97147211;48.98;400;0.57;767;555;494
1438;24.07033146;48.92;400;0.58;767;553;494
1439;22.40001765;48.88;400;0.58;766;552;493
1440;25.12324009;48.84;400;0.59;766;550;492
1441;28.27198382;48.73;400;0.6;765;549;491
1442;24.38426245;48.72;400;0.63;765;548;491
1443;24.932492;48.6;400;0.65;764;547;490
1444;25.41974693;48.97;400;0.67;764;545;489
1445;21.52337737;49.62;400;0.67;764;545;489
1446;25.42828333;50.35;400;0.67;763;544;489
1447;25.707636;51;400;0.67;762;542;488
1448;23.99992398;51.57;400;0.65;763;541;488
1449;28.91475431;52.1;400;0.65;764;539;487
1450;24.91684308;52.51;400;0.66;761;539;486
1451;23.36559363;52.89;400;0.65;761;537;486
1452;28.12115399;53.23;400;0.64;758;536;485
1453;27.68893312;53.56;400;0.61;759;535;485
1454;23.76107885;53.82;400;0.59;758;534;484
1455;24.14745562;54.07;400;0.58;759;533;484
1456;23.52978071;54.3;400;0.58;759;532;484
1457;26.20342955;54.45;400;0.58;757;531;483
1458;27.864796;54.64;400;0.58;757;530;483
1459;21.3285946;54.77;400;0.57;756;530;483
1460;22.82900081;54.9;400;0.57;755;529;482
1461;22.48568363;55.02;400;0.55;755;528;482
1462;29.08060827;55.14;400;0.55;756;527;481
1463;23.28379916;55.27;400;0.54;754;526;481
1464;23.50456019;55.36;400;0.53;785;546;482
1465;24.70675852;55.42;400;0.52;793;566;492
1466;24.65626154;55.54;400;0.51;795;584;500
1467;21.45060859;55.61;400;0.51;794;597;505
1468;23.48284689;55.7;400;0.51;795;606;509
1469;22.71756148;55.78;400;0.53;797;622;514
1470;25.99768278;55.83;400;0.54;798;639;517
1471;23.22001571;55.93;400;0.57;800;651;517
1472;25.95525833;55.98;400;0.58;800;659;519
1473;22.63878614;56.23;400;0.59;802;664;522
1474;25.50282045;55.79;400;0.61;801;668;525
1475;21.39150844;55.06;400;0.62;803;672;527
1476;25.69302533;54.38;400;0.65;803;675;529
1477;25.57966967;53.67;400;0.67;804;678;532
1478;27.56096922;53.06;400;0.68;809;669;553
1479;24.78127146;52.52;400;0.68;802;610;537
1480;30.15411587;52.1;400;0.68;801;606;535
1481;20.74127508;51.71;400;0.68;800;602;534
1482;25.33551571;51.41;400;0.67;797;598;532
1483;23.86443907;51.1;400;0.67;795;595;530
1484;20.94587576;50.81;400;0.66;794;591;528
1485;26.3506193;50.58;400;0.65;793;588;526
1486;23.364655;50.41;400;0.63;791;585;524
1487;23.43157487;50.22;400;0.63;789;581;523
1488;27.83267779;50.05;400;0.61;788;578;521
1489;23.78140761;49.92;400;0.61;788;575;519
1490;26.70384296;49.81;400;0.61;786;572;518
1491;24.37381565;49.7;400;0.6;785;570;516
1492;20.59759473;49.58;400;0.58;783;568;515
1493;25.66938201;49.47;400;0.57;782;567;513
1494;22.9474739;49.44;400;0.55;782;565;512
1495;22.59468944;49.35;400;0.51;781;564;511
1496;30.49838766;49.18;400;0.48;779;562;510
1497;26.08636561;49.12;400;0.47;777;561;509
1498;21.79159742;49.08;400;0.46;776;559;508
1499;26.42769063;49.03;400;0.45;774;557;508
1500;25.964;48.99;400;0.43;775;555;507
