Serial Number,MQ2,MQ3,MQ5,MQ6,MQ7,MQ8,MQ135,Gas,Corresponding Image Name
0,555,515,377,338,666,451,416,NoGas,0_NoGas
1,555,516,377,339,666,451,416,NoGas,1_NoGas
2,556,517,376,337,666,451,416,NoGas,2_NoGas
3,556,516,376,336,665,451,416,NoGas,3_NoGas
4,556,516,376,337,665,451,416,NoGas,4_NoGas
5,557,516,375,337,665,451,416,NoGas,5_NoGas
6,556,518,375,337,665,451,416,NoGas,6_NoGas
7,556,515,375,337,665,450,416,NoGas,7_NoGas
8,556,516,375,337,665,450,416,NoGas,8_NoGas
9,556,517,375,337,665,450,416,NoGas,9_NoGas
10,558,516,376,337,665,450,416,NoGas,10_NoGas
11,558,516,376,336,665,450,415,NoGas,11_NoGas
12,558,516,375,336,664,449,415,NoGas,12_NoGas
13,559,516,374,335,664,449,415,NoGas,13_NoGas
14,558,516,375,337,664,449,415,NoGas,14_NoGas
15,559,516,375,336,664,449,415,NoGas,15_NoGas
16,559,512,374,334,664,449,415,NoGas,16_NoGas
17,559,517,374,336,664,449,415,NoGas,17_NoGas
18,559,516,374,335,664,448,415,NoGas,18_NoGas
19,559,515,374,336,663,448,414,NoGas,19_NoGas
20,559,515,373,336,663,448,414,NoGas,20_NoGas
21,560,516,374,335,662,448,414,NoGas,21_NoGas
22,559,516,374,335,661,447,413,NoGas,22_NoGas
23,559,516,373,336,661,446,413,NoGas,23_NoGas
24,561,516,374,335,661,446,413,NoGas,24_NoGas
25,560,516,373,335,661,446,412,NoGas,25_NoGas
26,560,516,373,335,661,446,412,NoGas,26_NoGas
27,560,515,371,335,661,445,413,NoGas,27_NoGas
28,562,516,374,335,660,445,412,NoGas,28_NoGas
29,561,516,373,334,660,445,412,NoGas,29_NoGas
30,562,515,374,335,660,445,411,NoGas,30_NoGas
31,561,516,372,334,660,445,411,NoGas,31_NoGas
32,562,516,373,334,660,444,412,NoGas,32_NoGas
33,563,516,373,335,660,444,412,NoGas,33_NoGas
34,563,516,373,334,660,444,412,NoGas,34_NoGas
35,563,515,373,334,659,444,411,NoGas,35_NoGas
36,563,517,372,334,659,444,411,NoGas,36_NoGas
37,564,514,372,334,659,443,411,NoGas,37_NoGas
38,564,516,371,333,659,444,410,NoGas,38_NoGas
39,565,516,372,334,659,444,410,NoGas,39_NoGas
40,565,516,372,334,658,442,410,NoGas,40_NoGas
41,564,516,371,334,658,442,410,NoGas,41_NoGas
42,566,516,371,333,657,442,409,NoGas,42_NoGas
43,566,515,372,333,658,441,409,NoGas,43_NoGas
44,565,514,371,334,656,441,409,NoGas,44_NoGas
45,565,515,371,333,656,441,408,NoGas,45_NoGas
46,565,516,370,333,655,440,408,NoGas,46_NoGas
47,564,516,371,332,640,428,398,NoGas,47_NoGas
48,564,516,371,332,638,426,395,NoGas,48_NoGas
49,564,515,370,331,627,418,388,NoGas,49_NoGas
50,563,515,370,333,631,420,390,NoGas,50_NoGas
51,564,516,370,333,630,419,389,NoGas,51_NoGas
52,563,516,370,332,634,421,391,NoGas,52_NoGas
53,564,516,370,328,632,419,389,NoGas,53_NoGas
54,565,517,370,331,637,423,392,NoGas,54_NoGas
55,565,515,371,331,629,417,387,NoGas,55_NoGas
56,565,516,370,332,631,417,387,NoGas,56_NoGas
57,564,517,370,332,631,417,387,NoGas,57_NoGas
58,564,515,370,330,631,417,388,NoGas,58_NoGas
59,658,519,426,416,665,647,447,NoGas,59_NoGas
60,657,519,425,416,665,646,448,NoGas,60_NoGas
61,655,520,425,415,660,639,443,NoGas,61_NoGas
62,655,521,424,416,666,644,447,NoGas,62_NoGas
63,652,520,422,413,657,633,440,NoGas,63_NoGas
64,653,521,422,413,658,633,441,NoGas,64_NoGas
65,652,522,421,411,666,638,446,NoGas,65_NoGas
66,651,523,420,411,665,634,447,NoGas,66_NoGas
67,650,522,420,410,665,635,445,NoGas,67_NoGas
68,650,523,420,409,665,633,445,NoGas,68_NoGas
69,649,522,419,407,657,623,439,NoGas,69_NoGas
70,649,522,418,406,654,623,438,NoGas,70_NoGas
71,649,522,419,405,665,627,443,NoGas,71_NoGas
72,647,523,418,405,664,626,443,NoGas,72_NoGas
73,647,522,417,404,662,622,442,NoGas,73_NoGas
74,645,522,416,404,654,613,436,NoGas,74_NoGas
75,645,523,417,403,660,619,441,NoGas,75_NoGas
76,644,521,416,402,662,620,443,NoGas,76_NoGas
77,642,521,415,402,653,609,435,NoGas,77_NoGas
78,642,522,415,402,672,626,448,NoGas,78_NoGas
79,641,522,414,400,650,603,433,NoGas,79_NoGas
80,641,520,415,400,652,604,434,NoGas,80_NoGas
81,640,522,414,400,659,610,438,NoGas,81_NoGas
82,693,526,439,444,656,693,465,NoGas,82_NoGas
83,690,524,437,441,654,688,462,NoGas,83_NoGas
84,690,524,437,440,663,696,469,NoGas,84_NoGas
85,689,526,437,438,666,696,469,NoGas,85_NoGas
86,686,525,434,436,652,679,458,NoGas,86_NoGas
87,685,525,433,435,672,690,465,NoGas,87_NoGas
88,683,525,432,433,664,687,465,NoGas,88_NoGas
89,681,525,430,432,662,684,463,NoGas,89_NoGas
90,679,526,429,430,660,679,461,NoGas,90_NoGas
91,678,525,428,429,654,671,457,NoGas,91_NoGas
92,677,525,427,429,658,673,459,NoGas,92_NoGas
93,676,527,427,426,658,671,458,NoGas,93_NoGas
94,674,524,425,428,645,656,449,NoGas,94_NoGas
95,673,525,424,424,669,678,465,NoGas,95_NoGas
96,673,526,424,424,654,661,454,NoGas,96_NoGas
97,672,524,423,424,649,653,450,NoGas,97_NoGas
98,672,526,423,421,657,660,456,NoGas,98_NoGas
99,670,525,422,420,648,648,449,NoGas,99_NoGas
100,669,525,422,419,650,648,449,NoGas,100_NoGas
101,666,525,423,418,649,645,448,NoGas,101_NoGas
102,666,525,419,417,648,642,447,NoGas,102_NoGas
103,664,524,418,416,647,639,446,NoGas,103_NoGas
104,664,525,419,415,652,642,449,NoGas,104_NoGas
105,663,524,418,415,645,634,444,NoGas,105_NoGas
106,662,525,418,414,644,631,443,NoGas,106_NoGas
107,661,524,418,413,643,628,441,NoGas,107_NoGas
108,661,525,417,413,642,625,441,NoGas,108_NoGas
109,662,524,417,412,650,632,446,NoGas,109_NoGas
110,661,523,416,411,650,630,446,NoGas,110_NoGas
111,660,525,416,411,644,624,443,NoGas,111_NoGas
112,660,524,416,410,648,624,444,NoGas,112_NoGas
113,660,525,415,409,651,626,446,NoGas,113_NoGas
114,661,523,415,410,647,620,443,NoGas,114_NoGas
115,662,526,414,408,650,621,446,NoGas,115_NoGas
116,661,525,415,408,643,614,442,NoGas,116_NoGas
117,661,526,415,408,651,620,446,NoGas,117_NoGas
118,660,526,415,407,651,618,445,NoGas,118_NoGas
119,660,525,415,407,637,603,435,NoGas,119_NoGas
120,660,526,415,405,658,622,449,NoGas,120_NoGas
121,660,526,414,405,652,615,446,NoGas,121_NoGas
122,661,526,413,403,649,611,443,NoGas,122_NoGas
123,660,525,413,403,643,603,439,NoGas,123_NoGas
124,660,525,414,403,647,606,442,NoGas,124_NoGas
125,658,525,414,402,643,601,439,NoGas,125_NoGas
126,657,526,412,401,641,597,437,NoGas,126_NoGas
127,657,526,413,400,650,604,443,NoGas,127_NoGas
128,654,526,411,400,644,597,438,NoGas,128_NoGas
129,654,525,411,399,635,588,432,NoGas,129_NoGas
130,653,526,411,399,637,587,433,NoGas,130_NoGas
131,653,525,410,398,636,585,432,NoGas,131_NoGas
132,651,526,410,398,635,583,431,NoGas,132_NoGas
133,651,525,410,397,633,580,429,NoGas,133_NoGas
134,650,525,410,397,634,580,429,NoGas,134_NoGas
135,647,525,409,396,634,578,429,NoGas,135_NoGas
136,709,521,437,440,667,714,476,NoGas,136_NoGas
137,705,522,436,437,666,711,475,NoGas,137_NoGas
138,703,520,433,435,664,707,473,NoGas,138_NoGas
139,699,520,432,434,663,703,471,NoGas,139_NoGas
140,697,521,430,432,661,700,470,NoGas,140_NoGas
141,696,521,428,430,660,696,468,NoGas,141_NoGas
142,696,521,426,429,660,693,468,NoGas,142_NoGas
143,696,521,424,427,657,689,465,NoGas,143_NoGas
144,695,522,423,426,656,687,465,NoGas,144_NoGas
145,694,521,422,426,656,683,464,NoGas,145_NoGas
146,691,521,423,425,654,680,462,NoGas,146_NoGas
147,691,521,422,424,652,676,460,NoGas,147_NoGas
148,691,521,421,424,650,671,459,NoGas,148_NoGas
149,690,520,422,424,646,665,455,NoGas,149_NoGas
150,692,521,423,424,648,666,456,NoGas,150_NoGas
151,692,523,422,422,650,667,457,NoGas,151_NoGas
152,692,521,423,422,650,666,457,NoGas,152_NoGas
153,692,521,421,421,650,663,456,NoGas,153_NoGas
154,693,521,421,420,650,660,455,NoGas,154_NoGas
155,694,522,422,419,650,659,454,NoGas,155_NoGas
156,696,522,421,417,649,655,453,NoGas,156_NoGas
157,697,522,420,416,649,653,453,NoGas,157_NoGas
158,700,521,420,415,648,651,452,NoGas,158_NoGas
159,702,522,419,415,647,649,451,NoGas,159_NoGas
160,702,521,418,413,647,646,450,NoGas,160_NoGas
161,697,521,416,411,646,644,450,NoGas,161_NoGas
162,691,521,414,410,646,641,450,NoGas,162_NoGas
163,687,522,415,411,645,639,450,NoGas,163_NoGas
164,688,522,418,414,645,637,451,NoGas,164_NoGas
165,693,521,421,415,645,636,451,NoGas,165_NoGas
166,696,522,419,415,646,635,450,NoGas,166_NoGas
167,695,522,420,414,646,633,450,NoGas,167_NoGas
168,693,521,421,414,646,632,450,NoGas,168_NoGas
169,691,522,420,413,646,631,450,NoGas,169_NoGas
170,692,522,420,413,646,629,450,NoGas,170_NoGas
171,693,522,420,411,647,628,450,NoGas,171_NoGas
172,693,521,418,409,646,627,449,NoGas,172_NoGas
173,688,522,416,409,646,626,449,NoGas,173_NoGas
174,687,522,416,408,646,624,448,NoGas,174_NoGas
175,685,522,415,407,646,622,448,NoGas,175_NoGas
176,685,522,414,406,645,621,448,NoGas,176_NoGas
177,684,521,413,405,645,619,447,NoGas,177_NoGas
178,684,522,413,404,645,618,446,NoGas,178_NoGas
179,683,522,412,403,645,617,447,NoGas,179_NoGas
180,681,522,412,402,644,615,446,NoGas,180_NoGas
181,680,522,410,401,644,613,446,NoGas,181_NoGas
182,678,523,409,401,643,612,446,NoGas,182_NoGas
183,678,524,410,400,645,610,446,NoGas,183_NoGas
184,675,525,410,401,643,608,445,NoGas,184_NoGas
185,673,522,408,400,642,607,444,NoGas,185_NoGas
186,672,523,407,398,642,605,444,NoGas,186_NoGas
187,669,522,406,397,641,603,443,NoGas,187_NoGas
188,763,523,459,438,653,601,460,NoGas,188_NoGas
189,773,523,482,456,664,643,479,NoGas,189_NoGas
190,738,525,451,456,675,725,485,NoGas,190_NoGas
191,728,526,434,431,657,676,465,NoGas,191_NoGas
192,725,526,432,431,657,674,465,NoGas,192_NoGas
193,724,526,431,429,656,672,463,NoGas,193_NoGas
194,721,525,430,428,655,669,461,NoGas,194_NoGas
195,718,526,427,427,655,667,460,NoGas,195_NoGas
196,716,525,427,425,653,664,459,NoGas,196_NoGas
197,715,526,426,425,652,662,458,NoGas,197_NoGas
198,713,525,424,424,652,660,458,NoGas,198_NoGas
199,712,527,423,422,651,658,456,NoGas,199_NoGas
200,709,525,421,421,651,655,456,NoGas,200_NoGas
201,708,526,422,421,650,653,455,NoGas,201_NoGas
202,706,526,420,418,650,652,454,NoGas,202_NoGas
203,706,526,418,418,649,649,453,NoGas,203_NoGas
204,705,526,418,416,648,647,453,NoGas,204_NoGas
205,704,525,415,415,648,645,452,NoGas,205_NoGas
206,703,525,416,413,647,643,451,NoGas,206_NoGas
207,703,525,415,414,647,640,451,NoGas,207_NoGas
208,701,524,414,412,646,639,450,NoGas,208_NoGas
209,700,526,414,412,646,637,449,NoGas,209_NoGas
210,698,526,413,411,645,635,449,NoGas,210_NoGas
211,698,526,413,410,644,632,448,NoGas,211_NoGas
212,698,525,412,409,643,630,448,NoGas,212_NoGas
213,698,525,413,409,643,628,447,NoGas,213_NoGas
214,698,526,412,407,642,626,447,NoGas,214_NoGas
215,696,525,411,408,641,624,446,NoGas,215_NoGas
216,694,526,411,406,641,622,445,NoGas,216_NoGas
217,694,526,410,404,640,620,445,NoGas,217_NoGas
218,693,524,410,404,639,619,444,NoGas,218_NoGas
219,692,526,408,403,639,618,444,NoGas,219_NoGas
220,691,526,409,404,638,615,443,NoGas,220_NoGas
221,690,526,407,402,638,613,443,NoGas,221_NoGas
222,691,525,407,401,638,612,442,NoGas,222_NoGas
223,688,525,407,401,638,610,442,NoGas,223_NoGas
224,686,526,406,400,637,609,441,NoGas,224_NoGas
225,768,525,471,455,654,644,465,NoGas,225_NoGas
226,774,525,484,461,662,667,470,NoGas,226_NoGas
227,778,526,487,461,671,688,474,NoGas,227_NoGas
228,764,527,454,457,670,711,473,NoGas,228_NoGas
229,760,527,450,453,668,708,472,NoGas,229_NoGas
230,758,527,448,452,666,705,471,NoGas,230_NoGas
231,755,527,447,450,665,702,470,NoGas,231_NoGas
232,757,526,444,448,664,700,469,NoGas,232_NoGas
233,757,527,444,447,663,697,468,NoGas,233_NoGas
234,757,527,443,446,662,694,467,NoGas,234_NoGas
235,758,527,444,445,661,691,467,NoGas,235_NoGas
236,756,527,442,444,660,689,467,NoGas,236_NoGas
237,755,526,441,443,658,686,465,NoGas,237_NoGas
238,750,526,440,439,654,670,461,NoGas,238_NoGas
239,748,527,440,438,653,668,461,NoGas,239_NoGas
240,745,527,439,437,653,666,461,NoGas,240_NoGas
241,745,527,438,438,652,665,460,NoGas,241_NoGas
242,744,527,437,437,651,663,459,NoGas,242_NoGas
243,746,527,436,434,650,661,459,NoGas,243_NoGas
244,746,527,434,431,650,659,459,NoGas,244_NoGas
245,744,527,433,429,650,659,458,NoGas,245_NoGas
246,744,528,433,429,649,657,458,NoGas,246_NoGas
247,740,527,430,428,649,655,458,NoGas,247_NoGas
248,738,527,428,425,648,653,456,NoGas,248_NoGas
249,735,528,427,424,647,652,456,NoGas,249_NoGas
250,734,527,426,424,646,649,455,NoGas,250_NoGas
251,734,527,425,422,646,647,454,NoGas,251_NoGas
252,732,527,423,423,645,646,453,NoGas,252_NoGas
253,730,527,422,421,645,643,453,NoGas,253_NoGas
254,726,528,421,419,644,641,452,NoGas,254_NoGas
255,726,527,419,417,643,640,451,NoGas,255_NoGas
256,726,528,419,416,643,637,450,NoGas,256_NoGas
257,724,526,418,409,642,635,449,NoGas,257_NoGas
258,724,526,416,415,641,634,448,NoGas,258_NoGas
259,722,526,415,412,641,631,448,NoGas,259_NoGas
260,723,528,414,414,640,630,447,NoGas,260_NoGas
261,722,528,414,412,640,629,447,NoGas,261_NoGas
262,721,527,414,410,639,626,446,NoGas,262_NoGas
263,722,527,413,410,639,625,445,NoGas,263_NoGas
264,719,526,412,408,638,623,445,NoGas,264_NoGas
265,720,527,412,408,638,621,444,NoGas,265_NoGas
266,718,528,411,407,638,620,444,NoGas,266_NoGas
267,718,527,411,406,637,618,443,NoGas,267_NoGas
268,717,526,409,405,636,616,443,NoGas,268_NoGas
269,717,529,409,403,636,615,442,NoGas,269_NoGas
270,718,527,409,405,635,613,442,NoGas,270_NoGas
271,717,527,408,403,635,611,441,NoGas,271_NoGas
272,716,526,408,402,634,610,441,NoGas,272_NoGas
273,715,526,406,402,634,609,441,NoGas,273_NoGas
274,714,527,407,402,633,607,440,NoGas,274_NoGas
275,715,526,407,399,633,606,440,NoGas,275_NoGas
276,714,528,408,401,633,604,440,NoGas,276_NoGas
277,759,527,445,448,641,605,452,NoGas,277_NoGas
278,772,526,469,460,655,640,466,NoGas,278_NoGas
279,779,528,479,466,662,663,474,NoGas,279_NoGas
280,782,527,484,468,667,680,480,NoGas,280_NoGas
281,784,528,486,469,670,691,483,NoGas,281_NoGas
282,772,529,472,475,672,729,488,NoGas,282_NoGas
283,769,528,464,470,669,726,486,NoGas,283_NoGas
284,768,528,462,467,667,723,483,NoGas,284_NoGas
285,768,528,460,464,665,720,480,NoGas,285_NoGas
286,767,530,458,462,667,721,481,NoGas,286_NoGas
287,767,530,457,459,672,725,484,NoGas,287_NoGas
288,766,527,454,456,670,722,483,NoGas,288_NoGas
289,766,531,450,454,669,721,482,NoGas,289_NoGas
290,763,528,447,451,666,716,480,NoGas,290_NoGas
291,759,527,445,448,661,711,476,NoGas,291_NoGas
292,758,530,444,449,667,714,480,NoGas,292_NoGas
293,756,528,442,448,660,705,474,NoGas,293_NoGas
294,756,529,440,445,667,711,479,NoGas,294_NoGas
295,752,528,437,445,658,700,472,NoGas,295_NoGas
296,749,527,438,443,654,694,469,NoGas,296_NoGas
297,751,528,438,441,659,698,472,NoGas,297_NoGas
298,749,528,438,441,652,688,467,NoGas,298_NoGas
299,747,529,436,439,661,697,473,NoGas,299_NoGas
300,746,529,434,437,659,692,471,NoGas,300_NoGas
301,745,528,436,436,648,679,463,NoGas,301_NoGas
302,745,529,435,436,645,675,461,NoGas,302_NoGas
303,746,528,434,432,648,676,462,NoGas,303_NoGas
304,746,530,431,433,651,678,465,NoGas,304_NoGas
305,744,529,430,431,649,674,463,NoGas,305_NoGas
306,743,529,430,429,649,672,462,NoGas,306_NoGas
307,743,529,428,429,650,672,463,NoGas,307_NoGas
308,741,529,426,427,649,669,462,NoGas,308_NoGas
309,741,529,425,427,650,668,462,NoGas,309_NoGas
310,741,530,425,425,650,666,462,NoGas,310_NoGas
311,740,530,424,425,646,660,459,NoGas,311_NoGas
312,740,529,425,424,647,660,459,NoGas,312_NoGas
313,740,530,423,424,644,656,457,NoGas,313_NoGas
314,740,530,422,422,649,659,460,NoGas,314_NoGas
315,739,528,421,422,648,657,459,NoGas,315_NoGas
316,739,530,420,420,647,654,459,NoGas,316_NoGas
317,739,530,420,419,645,651,457,NoGas,317_NoGas
318,738,529,419,419,642,647,455,NoGas,318_NoGas
319,738,530,417,418,642,644,455,NoGas,319_NoGas
320,739,530,417,417,642,644,455,NoGas,320_NoGas
321,740,528,416,416,633,633,448,NoGas,321_NoGas
322,741,527,418,417,642,640,454,NoGas,322_NoGas
323,741,530,418,417,644,641,456,NoGas,323_NoGas
324,740,528,416,416,633,629,448,NoGas,324_NoGas
325,741,529,419,417,639,633,452,NoGas,325_NoGas
326,742,530,420,417,641,634,454,NoGas,326_NoGas
327,740,527,419,415,630,621,446,NoGas,327_NoGas
328,740,529,422,415,633,624,448,NoGas,328_NoGas
329,739,530,419,416,638,627,451,NoGas,329_NoGas
330,738,528,419,414,632,620,447,NoGas,330_NoGas
331,740,529,420,413,639,625,451,NoGas,331_NoGas
332,738,528,417,413,640,625,451,NoGas,332_NoGas
333,739,529,417,411,642,627,453,NoGas,333_NoGas
334,738,530,415,410,640,624,453,NoGas,334_NoGas
335,738,530,415,409,638,621,451,NoGas,335_NoGas
336,735,528,413,408,629,611,444,NoGas,336_NoGas
337,734,529,412,408,640,622,452,NoGas,337_NoGas
338,733,530,411,406,634,615,448,NoGas,338_NoGas
339,734,529,412,404,646,626,457,NoGas,339_NoGas
340,731,529,410,403,637,616,450,NoGas,340_NoGas
341,728,528,409,403,631,609,446,NoGas,341_NoGas
342,728,529,410,402,636,614,450,NoGas,342_NoGas
343,726,528,409,401,630,607,445,NoGas,343_NoGas
344,776,528,464,474,665,721,477,NoGas,344_NoGas
345,777,530,462,470,676,732,484,NoGas,345_NoGas
346,775,531,458,468,666,721,477,NoGas,346_NoGas
347,774,529,456,467,660,714,473,NoGas,347_NoGas
348,773,528,456,466,658,710,471,NoGas,348_NoGas
349,773,529,456,466,671,723,480,NoGas,349_NoGas
350,773,529,454,464,670,720,479,NoGas,350_NoGas
351,769,529,451,460,664,712,474,NoGas,351_NoGas
352,769,528,448,457,652,698,466,NoGas,352_NoGas
353,767,528,444,455,646,689,462,NoGas,353_NoGas
354,766,529,445,452,652,697,467,NoGas,354_NoGas
355,766,529,442,450,655,697,469,NoGas,355_NoGas
356,767,530,441,449,667,709,479,NoGas,356_NoGas
357,764,529,439,448,653,694,469,NoGas,357_NoGas
358,763,525,438,445,650,689,467,NoGas,358_NoGas
359,762,529,439,446,648,685,467,NoGas,359_NoGas
360,762,529,441,448,651,687,469,NoGas,360_NoGas
361,762,528,442,448,644,678,464,NoGas,361_NoGas
362,760,529,443,447,648,681,467,NoGas,362_NoGas
363,758,529,440,443,647,678,466,NoGas,363_NoGas
364,758,528,436,440,649,679,467,NoGas,364_NoGas
365,756,529,434,437,646,674,465,NoGas,365_NoGas
366,755,530,432,436,646,673,466,NoGas,366_NoGas
367,755,530,429,434,644,670,466,NoGas,367_NoGas
368,754,530,428,433,642,668,465,NoGas,368_NoGas
369,754,529,426,431,643,667,465,NoGas,369_NoGas
370,753,529,424,430,642,665,465,NoGas,370_NoGas
371,751,529,423,428,629,649,455,NoGas,371_NoGas
372,752,530,422,427,643,663,465,NoGas,372_NoGas
373,748,530,420,425,623,643,450,NoGas,373_NoGas
374,747,530,419,424,633,650,457,NoGas,374_NoGas
375,747,530,419,423,631,647,455,NoGas,375_NoGas
376,746,530,419,423,630,644,455,NoGas,376_NoGas
377,746,528,417,422,629,641,454,NoGas,377_NoGas
378,746,526,416,421,627,639,452,NoGas,378_NoGas
379,747,529,416,420,626,636,451,NoGas,379_NoGas
380,745,529,417,419,623,633,450,NoGas,380_NoGas
381,746,528,415,417,619,627,447,NoGas,381_NoGas
382,748,530,414,417,632,641,456,NoGas,382_NoGas
383,745,528,413,416,621,629,449,NoGas,383_NoGas
384,746,529,413,416,630,637,455,NoGas,384_NoGas
385,746,530,412,416,629,635,455,NoGas,385_NoGas
386,745,529,411,414,625,629,451,NoGas,386_NoGas
387,745,529,410,412,627,630,453,NoGas,387_NoGas
388,743,529,410,411,626,628,452,NoGas,388_NoGas
389,744,529,409,411,626,627,452,NoGas,389_NoGas
390,743,530,409,414,626,626,452,NoGas,390_NoGas
391,741,530,408,409,626,625,452,NoGas,391_NoGas
392,742,531,408,408,627,624,452,NoGas,392_NoGas
393,740,530,406,406,626,622,452,NoGas,393_NoGas
394,739,531,406,406,632,626,456,NoGas,394_NoGas
395,736,529,405,406,624,619,450,NoGas,395_NoGas
396,736,531,406,406,625,616,451,NoGas,396_NoGas
397,735,531,405,404,626,616,451,NoGas,397_NoGas
398,734,529,405,403,626,616,452,NoGas,398_NoGas
399,734,528,404,402,626,614,452,NoGas,399_NoGas
400,734,529,404,401,622,608,448,NoGas,400_NoGas
401,733,529,405,402,621,605,447,NoGas,401_NoGas
402,734,529,403,401,622,606,448,NoGas,402_NoGas
403,733,529,402,400,621,602,446,NoGas,403_NoGas
404,733,529,402,400,621,601,446,NoGas,404_NoGas
405,732,528,401,399,614,592,440,NoGas,405_NoGas
406,731,530,401,398,619,596,444,NoGas,406_NoGas
407,730,529,400,398,617,593,442,NoGas,407_NoGas
408,731,529,400,397,618,593,443,NoGas,408_NoGas
409,732,529,400,396,620,594,444,NoGas,409_NoGas
410,760,528,417,397,607,562,435,NoGas,410_NoGas
411,774,529,439,411,619,586,445,NoGas,411_NoGas
412,780,529,457,422,626,612,455,NoGas,412_NoGas
413,777,528,466,423,626,627,459,NoGas,413_NoGas
414,779,529,472,436,639,655,474,NoGas,414_NoGas
415,778,531,467,467,671,731,486,NoGas,415_NoGas
416,774,531,460,461,665,726,482,NoGas,416_NoGas
417,770,531,454,458,662,722,480,NoGas,417_NoGas
418,766,530,448,454,645,703,469,NoGas,418_NoGas
419,764,530,444,451,652,711,474,NoGas,419_NoGas
420,762,530,438,449,645,702,469,NoGas,420_NoGas
421,762,531,437,447,643,698,468,NoGas,421_NoGas
422,761,532,436,445,645,700,470,NoGas,422_NoGas
423,756,531,432,441,636,688,464,NoGas,423_NoGas
424,757,530,432,440,640,691,468,NoGas,424_NoGas
425,756,530,429,438,627,676,458,NoGas,425_NoGas
426,756,530,427,437,638,686,466,NoGas,426_NoGas
427,755,532,426,434,637,684,466,NoGas,427_NoGas
428,754,532,424,433,634,679,464,NoGas,428_NoGas
429,752,529,423,431,622,664,455,NoGas,429_NoGas
430,750,530,423,430,625,666,458,NoGas,430_NoGas
431,750,530,422,429,623,662,456,NoGas,431_NoGas
432,748,529,422,426,620,656,453,NoGas,432_NoGas
433,748,531,419,426,619,653,452,NoGas,433_NoGas
434,746,530,419,426,618,651,450,NoGas,434_NoGas
435,747,531,417,424,627,657,457,NoGas,435_NoGas
436,747,531,417,423,618,647,451,NoGas,436_NoGas
437,746,530,415,420,617,645,451,NoGas,437_NoGas
438,746,530,414,421,619,644,451,NoGas,438_NoGas
439,744,530,415,419,614,637,448,NoGas,439_NoGas
440,744,530,413,418,618,639,451,NoGas,440_NoGas
441,744,529,414,416,621,640,453,NoGas,441_NoGas
442,744,530,413,415,616,634,449,NoGas,442_NoGas
443,741,530,411,415,612,627,445,NoGas,443_NoGas
444,741,532,410,413,613,627,446,NoGas,444_NoGas
445,741,530,410,412,613,625,446,NoGas,445_NoGas
446,738,531,409,412,616,627,448,NoGas,446_NoGas
447,737,530,408,410,607,615,441,NoGas,447_NoGas
448,737,531,407,410,610,617,444,NoGas,448_NoGas
449,736,531,406,410,613,620,446,NoGas,449_NoGas
450,735,529,406,408,614,618,446,NoGas,450_NoGas
451,736,530,406,407,622,625,452,NoGas,451_NoGas
452,738,529,405,407,614,614,446,NoGas,452_NoGas
453,743,529,406,407,608,607,441,NoGas,453_NoGas
454,741,529,405,405,604,601,439,NoGas,454_NoGas
455,740,530,405,406,605,602,440,NoGas,455_NoGas
456,740,530,405,405,606,600,439,NoGas,456_NoGas
457,738,528,406,404,605,597,439,NoGas,457_NoGas
458,741,528,407,405,610,601,443,NoGas,458_NoGas
459,739,528,407,405,610,599,442,NoGas,459_NoGas
460,738,530,406,404,609,597,442,NoGas,460_NoGas
461,739,529,407,404,613,600,445,NoGas,461_NoGas
462,738,529,407,405,613,598,445,NoGas,462_NoGas
463,739,530,406,404,613,597,445,NoGas,463_NoGas
464,738,528,407,404,612,595,445,NoGas,464_NoGas
465,740,527,407,403,610,591,443,NoGas,465_NoGas
466,741,529,407,402,610,590,443,NoGas,466_NoGas
467,740,529,407,404,609,587,442,NoGas,467_NoGas
468,740,530,407,402,609,587,442,NoGas,468_NoGas
469,740,529,407,403,607,584,440,NoGas,469_NoGas
470,738,531,406,401,607,582,440,NoGas,470_NoGas
471,739,531,407,401,611,585,443,NoGas,471_NoGas
472,737,531,405,398,608,582,440,NoGas,472_NoGas
473,738,529,405,398,605,580,440,NoGas,473_NoGas
474,755,529,419,416,612,558,435,NoGas,474_NoGas
475,769,530,440,432,624,577,444,NoGas,475_NoGas
476,777,529,452,439,645,612,461,NoGas,476_NoGas
477,782,529,461,444,645,625,460,NoGas,477_NoGas
478,781,530,478,474,673,737,497,NoGas,478_NoGas
479,778,530,471,471,660,725,487,NoGas,479_NoGas
480,773,530,464,465,664,730,492,NoGas,480_NoGas
481,772,529,458,460,668,737,496,NoGas,481_NoGas
482,769,530,452,457,659,728,491,NoGas,482_NoGas
483,767,530,449,454,659,727,492,NoGas,483_NoGas
484,766,530,444,451,649,717,485,NoGas,484_NoGas
485,763,529,440,448,645,714,483,NoGas,485_NoGas
486,762,528,439,445,637,703,476,NoGas,486_NoGas
487,762,529,437,444,636,700,475,NoGas,487_NoGas
488,761,529,434,443,635,697,475,NoGas,488_NoGas
489,759,529,433,441,628,689,469,NoGas,489_NoGas
490,760,529,432,438,633,692,472,NoGas,490_NoGas
491,758,528,429,435,625,683,466,NoGas,491_NoGas
492,759,529,428,434,628,684,468,NoGas,492_NoGas
493,756,528,427,433,612,663,455,NoGas,493_NoGas
494,755,527,425,431,625,678,466,NoGas,494_NoGas
495,754,529,424,429,616,666,460,NoGas,495_NoGas
496,754,529,423,428,626,675,467,NoGas,496_NoGas
497,750,527,421,427,615,661,458,NoGas,497_NoGas
498,748,526,419,425,611,656,455,NoGas,498_NoGas
499,749,528,417,424,617,659,459,NoGas,499_NoGas
500,748,529,416,423,615,656,458,NoGas,500_NoGas
501,745,528,413,421,609,649,454,NoGas,501_NoGas
502,747,529,414,421,620,658,462,NoGas,502_NoGas
503,745,527,412,419,615,651,458,NoGas,503_NoGas
504,746,528,412,418,617,651,459,NoGas,504_NoGas
505,744,528,411,418,616,647,458,NoGas,505_NoGas
506,745,528,411,416,616,646,459,NoGas,506_NoGas
507,747,528,408,416,616,643,458,NoGas,507_NoGas
508,744,527,409,414,606,630,450,NoGas,508_NoGas
509,744,528,407,412,610,634,454,NoGas,509_NoGas
510,743,528,408,411,610,632,454,NoGas,510_NoGas
511,743,528,409,411,608,627,451,NoGas,511_NoGas
512,741,528,406,409,605,623,449,NoGas,512_NoGas
513,740,527,406,408,604,619,448,NoGas,513_NoGas
514,742,527,406,408,612,627,455,NoGas,514_NoGas
515,741,528,406,407,612,624,454,NoGas,515_NoGas
516,739,528,405,406,611,622,453,NoGas,516_NoGas
517,738,527,403,405,604,612,448,NoGas,517_NoGas
518,739,528,402,404,602,609,447,NoGas,518_NoGas
519,737,527,402,403,600,605,445,NoGas,519_NoGas
520,739,526,403,403,609,613,451,NoGas,520_NoGas
521,738,527,404,403,610,611,452,NoGas,521_NoGas
522,739,527,402,403,601,601,445,NoGas,522_NoGas
523,738,526,402,402,602,600,445,NoGas,523_NoGas
524,739,527,401,400,599,596,443,NoGas,524_NoGas
525,739,526,400,400,605,601,448,NoGas,525_NoGas
526,739,528,400,399,606,601,448,NoGas,526_NoGas
527,738,531,400,399,601,595,445,NoGas,527_NoGas
528,737,528,399,397,607,600,449,NoGas,528_NoGas
529,736,529,399,396,596,588,441,NoGas,529_NoGas
530,734,529,398,396,596,587,441,NoGas,530_NoGas
531,734,530,397,396,597,587,442,NoGas,531_NoGas
532,734,530,396,394,600,588,445,NoGas,532_NoGas
533,734,529,398,394,603,590,447,NoGas,533_NoGas
534,732,527,395,393,596,581,441,NoGas,534_NoGas
535,730,528,396,392,596,580,441,NoGas,535_NoGas
536,730,528,394,391,596,579,441,NoGas,536_NoGas
537,727,528,394,390,596,578,441,NoGas,537_NoGas
538,728,527,393,389,600,581,444,NoGas,538_NoGas
539,724,528,392,390,587,567,434,NoGas,539_NoGas
540,724,528,391,388,591,570,437,NoGas,540_NoGas
541,725,528,392,388,588,566,435,NoGas,541_NoGas
542,724,528,392,388,597,574,442,NoGas,542_NoGas
543,722,527,391,388,592,568,437,NoGas,543_NoGas
544,722,527,391,387,595,570,440,NoGas,544_NoGas
545,749,528,402,387,594,540,435,NoGas,545_NoGas
546,775,527,443,425,615,555,441,NoGas,546_NoGas
547,781,528,457,442,636,583,450,NoGas,547_NoGas
548,782,527,464,448,651,611,459,NoGas,548_NoGas
549,781,527,469,449,659,635,466,NoGas,549_NoGas
550,781,527,469,453,665,653,472,NoGas,550_NoGas
551,789,528,482,464,671,675,483,NoGas,551_NoGas
552,792,527,490,472,676,697,492,NoGas,552_NoGas
553,785,529,483,495,689,767,526,NoGas,553_NoGas
554,783,530,476,489,686,764,523,NoGas,554_NoGas
555,781,529,471,485,682,760,519,NoGas,555_NoGas
556,778,529,469,482,678,757,515,NoGas,556_NoGas
557,776,528,465,478,673,752,511,NoGas,557_NoGas
558,773,530,461,474,668,748,508,NoGas,558_NoGas
559,772,529,458,471,663,744,504,NoGas,559_NoGas
560,769,529,454,467,658,740,501,NoGas,560_NoGas
561,768,529,453,466,654,735,499,NoGas,561_NoGas
562,767,529,450,463,650,731,496,NoGas,562_NoGas
563,767,529,450,461,647,726,494,NoGas,563_NoGas
564,766,529,447,459,643,722,491,NoGas,564_NoGas
565,764,530,444,457,640,718,488,NoGas,565_NoGas
566,762,530,443,454,637,714,486,NoGas,566_NoGas
567,761,530,439,451,635,710,485,NoGas,567_NoGas
568,760,528,436,449,631,706,483,NoGas,568_NoGas
569,759,529,434,446,628,702,482,NoGas,569_NoGas
570,759,530,431,445,626,699,480,NoGas,570_NoGas
571,759,530,428,441,624,695,478,NoGas,571_NoGas
572,758,530,428,439,622,692,478,NoGas,572_NoGas
573,758,531,426,437,621,688,476,NoGas,573_NoGas
574,757,529,425,435,620,685,476,NoGas,574_NoGas
575,755,529,424,436,618,682,474,NoGas,575_NoGas
576,755,529,423,434,617,678,474,NoGas,576_NoGas
577,752,530,420,433,614,675,472,NoGas,577_NoGas
578,752,530,420,430,613,672,471,NoGas,578_NoGas
579,751,529,415,428,611,669,470,NoGas,579_NoGas
580,751,529,416,427,610,665,469,NoGas,580_NoGas
581,751,530,416,424,608,662,468,NoGas,581_NoGas
582,750,529,416,425,607,659,467,NoGas,582_NoGas
583,753,529,415,425,606,656,466,NoGas,583_NoGas
584,752,530,415,422,605,654,467,NoGas,584_NoGas
585,751,530,414,420,603,650,465,NoGas,585_NoGas
586,748,529,412,420,602,647,464,NoGas,586_NoGas
587,748,530,410,419,601,645,464,NoGas,587_NoGas
588,747,529,410,417,600,642,463,NoGas,588_NoGas
589,747,528,409,416,599,639,462,NoGas,589_NoGas
590,745,530,408,415,598,637,462,NoGas,590_NoGas
591,744,528,407,416,598,634,461,NoGas,591_NoGas
592,743,529,406,413,597,631,460,NoGas,592_NoGas
593,743,529,405,412,597,629,460,NoGas,593_NoGas
594,744,528,404,412,596,626,459,NoGas,594_NoGas
595,743,529,404,410,596,624,458,NoGas,595_NoGas
596,742,530,405,410,595,622,458,NoGas,596_NoGas
597,741,529,404,410,595,620,457,NoGas,597_NoGas
598,740,530,405,409,595,617,457,NoGas,598_NoGas
599,738,530,406,409,595,615,456,NoGas,599_NoGas
600,737,529,405,407,595,613,456,NoGas,600_NoGas
601,738,530,406,408,597,613,457,NoGas,601_NoGas
602,738,530,406,407,597,610,456,NoGas,602_NoGas
603,739,530,404,406,595,607,454,NoGas,603_NoGas
604,738,530,404,405,595,605,454,NoGas,604_NoGas
605,736,530,402,403,594,603,454,NoGas,605_NoGas
606,737,530,401,403,593,601,453,NoGas,606_NoGas
607,735,530,401,402,593,599,453,NoGas,607_NoGas
608,735,530,399,400,593,597,453,NoGas,608_NoGas
609,734,531,400,399,592,595,452,NoGas,609_NoGas
610,732,531,398,400,592,594,452,NoGas,610_NoGas
611,732,530,398,399,591,592,451,NoGas,611_NoGas
612,731,531,398,398,590,590,451,NoGas,612_NoGas
613,730,531,397,397,590,589,450,NoGas,613_NoGas
614,731,530,395,397,589,587,450,NoGas,614_NoGas
615,731,528,395,395,591,587,451,NoGas,615_NoGas
616,730,529,395,395,589,584,449,NoGas,616_NoGas
617,728,530,394,394,588,582,448,NoGas,617_NoGas
618,728,529,393,395,588,580,448,NoGas,618_NoGas
619,741,529,407,410,595,551,443,NoGas,619_NoGas
620,779,530,446,439,626,585,457,NoGas,620_NoGas
621,786,531,462,449,647,621,470,NoGas,621_NoGas
622,787,530,470,455,658,647,477,NoGas,622_NoGas
623,791,532,476,460,666,666,483,NoGas,623_NoGas
624,760,531,437,449,630,705,481,NoGas,624_NoGas
625,757,531,434,446,626,701,479,NoGas,625_NoGas
626,755,532,434,443,622,697,477,NoGas,626_NoGas
627,757,531,435,441,619,692,476,NoGas,627_NoGas
628,758,531,433,439,615,688,474,NoGas,628_NoGas
629,756,532,431,437,612,684,473,NoGas,629_NoGas
630,753,531,427,435,610,680,471,NoGas,630_NoGas
631,751,532,424,433,608,675,470,NoGas,631_NoGas
632,750,530,422,432,607,672,468,NoGas,632_NoGas
633,749,531,419,431,605,668,467,NoGas,633_NoGas
634,746,530,417,428,604,664,466,NoGas,634_NoGas
635,745,531,415,427,602,660,465,NoGas,635_NoGas
636,743,530,413,426,600,657,463,NoGas,636_NoGas
637,743,530,413,423,599,653,463,NoGas,637_NoGas
638,741,530,412,423,597,650,461,NoGas,638_NoGas
639,738,532,409,419,596,647,461,NoGas,639_NoGas
640,738,530,407,419,594,643,460,NoGas,640_NoGas
641,737,531,409,417,593,640,459,NoGas,641_NoGas
642,734,530,407,418,592,637,459,NoGas,642_NoGas
643,734,529,405,415,591,634,458,NoGas,643_NoGas
644,734,531,404,414,590,631,457,NoGas,644_NoGas
645,733,530,405,414,589,628,456,NoGas,645_NoGas
646,732,529,404,412,588,625,456,NoGas,646_NoGas
647,731,529,402,410,587,623,455,NoGas,647_NoGas
648,731,529,402,409,586,620,455,NoGas,648_NoGas
649,730,528,401,410,585,618,454,NoGas,649_NoGas
650,731,529,402,408,584,615,454,NoGas,650_NoGas
651,730,530,401,407,584,613,453,NoGas,651_NoGas
652,729,529,399,406,583,610,452,NoGas,652_NoGas
653,728,530,399,406,582,608,452,NoGas,653_NoGas
654,728,530,398,405,582,606,452,NoGas,654_NoGas
655,729,528,397,405,581,603,451,NoGas,655_NoGas
656,729,526,397,403,581,601,450,NoGas,656_NoGas
657,728,530,396,402,580,599,450,NoGas,657_NoGas
658,728,527,395,403,580,597,449,NoGas,658_NoGas
659,727,524,395,400,580,595,449,NoGas,659_NoGas
660,727,527,394,400,579,593,448,NoGas,660_NoGas
661,726,527,394,399,579,590,448,NoGas,661_NoGas
662,725,526,394,398,578,588,448,NoGas,662_NoGas
663,723,528,393,397,578,587,447,NoGas,663_NoGas
664,724,526,392,396,578,584,448,NoGas,664_NoGas
665,722,528,391,396,577,582,446,NoGas,665_NoGas
666,721,526,391,395,577,581,446,NoGas,666_NoGas
667,721,527,391,395,576,579,446,NoGas,667_NoGas
668,721,527,390,394,575,577,445,NoGas,668_NoGas
669,720,526,390,393,575,575,445,NoGas,669_NoGas
670,719,529,389,393,574,573,444,NoGas,670_NoGas
671,718,528,389,392,575,572,444,NoGas,671_NoGas
672,719,528,386,391,574,570,443,NoGas,672_NoGas
673,718,528,388,391,573,568,443,NoGas,673_NoGas
674,718,528,388,389,573,567,443,NoGas,674_NoGas
675,717,528,387,388,573,565,442,NoGas,675_NoGas
676,717,528,386,387,572,563,442,NoGas,676_NoGas
677,718,528,387,387,572,562,442,NoGas,677_NoGas
678,718,528,386,387,571,560,441,NoGas,678_NoGas
679,718,528,387,387,572,559,441,NoGas,679_NoGas
680,711,523,382,382,571,557,441,NoGas,680_NoGas
681,713,524,381,382,571,556,440,NoGas,681_NoGas
682,715,527,385,385,571,555,440,NoGas,682_NoGas
683,718,527,386,384,571,554,440,NoGas,683_NoGas
684,715,527,384,385,571,552,440,NoGas,684_NoGas
685,735,528,381,385,565,521,432,NoGas,685_NoGas
686,771,528,414,404,575,529,439,NoGas,686_NoGas
687,775,528,431,414,592,550,446,NoGas,687_NoGas
688,778,529,439,424,606,575,453,NoGas,688_NoGas
689,778,529,445,430,620,594,459,NoGas,689_NoGas
690,778,529,448,428,630,610,463,NoGas,690_NoGas
691,783,529,454,439,640,627,470,NoGas,691_NoGas
692,784,529,465,450,650,645,475,NoGas,692_NoGas
693,783,529,472,453,656,659,478,NoGas,693_NoGas
694,783,529,472,451,661,669,480,NoGas,694_NoGas
695,783,529,471,451,663,675,479,NoGas,695_NoGas
696,782,529,466,448,663,679,478,NoGas,696_NoGas
697,778,529,461,442,662,680,476,NoGas,697_NoGas
698,781,529,466,455,662,685,482,NoGas,698_NoGas
699,788,529,481,466,667,694,486,NoGas,699_NoGas
700,780,527,475,467,673,716,487,NoGas,700_NoGas
701,782,527,480,471,673,718,489,NoGas,701_NoGas
702,790,528,488,477,685,731,499,NoGas,702_NoGas
703,780,528,485,482,670,731,494,NoGas,703_NoGas
704,781,527,479,477,664,727,492,NoGas,704_NoGas
705,782,528,473,472,657,723,490,NoGas,705_NoGas
706,781,529,466,467,651,719,488,NoGas,706_NoGas
707,779,527,461,463,645,715,486,NoGas,707_NoGas
708,776,528,458,459,640,711,485,NoGas,708_NoGas
709,775,529,457,457,635,708,484,NoGas,709_NoGas
710,773,529,454,454,630,703,482,NoGas,710_NoGas
711,770,529,450,452,626,699,480,NoGas,711_NoGas
712,769,529,448,451,623,696,478,NoGas,712_NoGas
713,766,530,443,448,619,692,475,NoGas,713_NoGas
714,764,529,440,446,615,688,473,NoGas,714_NoGas
715,762,530,437,443,612,684,471,NoGas,715_NoGas
716,761,530,434,443,609,680,469,NoGas,716_NoGas
717,760,530,432,439,607,676,468,NoGas,717_NoGas
718,758,529,430,436,604,671,466,NoGas,718_NoGas
719,758,529,428,435,602,668,465,NoGas,719_NoGas
720,758,528,427,434,599,663,463,NoGas,720_NoGas
721,757,529,426,433,596,659,461,NoGas,721_NoGas
722,757,529,424,433,593,654,459,NoGas,722_NoGas
723,756,528,424,431,592,652,458,NoGas,723_NoGas
724,755,529,421,430,589,647,456,NoGas,724_NoGas
725,756,529,420,428,585,641,453,NoGas,725_NoGas
726,754,529,418,426,582,637,451,NoGas,726_NoGas
727,754,529,418,430,588,641,456,NoGas,727_NoGas
728,752,528,415,423,578,628,448,NoGas,728_NoGas
729,752,529,414,422,583,633,452,NoGas,729_NoGas
730,751,529,415,420,586,634,454,NoGas,730_NoGas
731,750,529,413,421,583,630,452,NoGas,731_NoGas
732,749,528,412,419,585,630,453,NoGas,732_NoGas
733,750,529,413,418,594,639,461,NoGas,733_NoGas
734,749,529,410,417,591,635,460,NoGas,734_NoGas
735,749,530,410,415,591,632,459,NoGas,735_NoGas
736,749,530,409,415,592,633,461,NoGas,736_NoGas
737,748,529,408,413,591,630,461,NoGas,737_NoGas
738,747,530,407,412,588,626,459,NoGas,738_NoGas
739,745,529,405,411,573,608,447,NoGas,739_NoGas
740,746,529,405,410,579,613,452,NoGas,740_NoGas
741,746,528,404,409,579,611,452,NoGas,741_NoGas
742,744,530,403,407,578,609,451,NoGas,742_NoGas
743,745,529,403,407,578,606,451,NoGas,743_NoGas
744,744,529,403,406,575,602,448,NoGas,744_NoGas
745,742,529,401,406,569,595,444,NoGas,745_NoGas
746,741,528,400,404,562,587,438,NoGas,746_NoGas
747,740,530,400,403,559,582,436,NoGas,747_NoGas
748,741,530,399,402,572,594,446,NoGas,748_NoGas
749,740,529,399,401,571,592,445,NoGas,749_NoGas
750,739,528,398,400,570,589,444,NoGas,750_NoGas
751,740,529,397,400,578,596,450,NoGas,751_NoGas
752,739,528,397,399,576,593,449,NoGas,752_NoGas
753,776,531,413,393,575,555,446,NoGas,753_NoGas
754,786,530,437,418,599,578,455,NoGas,754_NoGas
755,789,533,451,435,621,603,463,NoGas,755_NoGas
756,790,532,457,443,636,622,467,NoGas,756_NoGas
757,787,530,461,447,644,637,471,NoGas,757_NoGas
758,787,530,463,449,649,648,475,NoGas,758_NoGas
759,790,530,467,457,656,661,478,NoGas,759_NoGas
760,793,531,478,464,664,676,484,NoGas,760_NoGas
761,794,531,485,468,669,690,488,NoGas,761_NoGas
762,794,533,487,471,673,700,492,NoGas,762_NoGas
763,792,532,489,472,675,707,495,NoGas,763_NoGas
764,791,533,489,473,677,713,498,NoGas,764_NoGas
765,790,528,496,486,668,740,510,NoGas,765_NoGas
766,787,528,489,481,662,736,508,NoGas,766_NoGas
767,788,528,482,476,656,733,506,NoGas,767_NoGas
768,786,528,477,473,649,729,505,NoGas,768_NoGas
769,785,528,471,470,643,727,503,NoGas,769_NoGas
770,784,530,465,468,638,723,502,NoGas,770_NoGas
771,782,528,462,463,633,720,500,NoGas,771_NoGas
772,780,527,459,460,628,716,499,NoGas,772_NoGas
773,780,529,456,457,624,713,497,NoGas,773_NoGas
774,777,529,454,455,620,708,496,NoGas,774_NoGas
775,776,529,451,451,616,704,493,NoGas,775_NoGas
776,774,529,449,452,613,700,492,NoGas,776_NoGas
777,773,530,447,449,610,695,490,NoGas,777_NoGas
778,771,529,444,447,607,691,489,NoGas,778_NoGas
779,770,530,442,446,604,687,486,NoGas,779_NoGas
780,769,529,439,443,602,684,486,NoGas,780_NoGas
781,767,529,437,441,599,680,484,NoGas,781_NoGas
782,766,529,436,439,597,676,483,NoGas,782_NoGas
783,765,529,433,437,594,672,481,NoGas,783_NoGas
784,765,529,431,436,592,669,480,NoGas,784_NoGas
785,763,529,431,433,591,666,479,NoGas,785_NoGas
786,763,528,427,432,589,662,478,NoGas,786_NoGas
787,762,529,426,432,588,660,477,NoGas,787_NoGas
788,761,529,424,429,587,656,476,NoGas,788_NoGas
789,760,529,422,429,586,653,475,NoGas,789_NoGas
790,760,528,421,427,584,650,474,NoGas,790_NoGas
791,760,529,421,427,583,647,474,NoGas,791_NoGas
792,760,528,420,425,583,644,473,NoGas,792_NoGas
793,759,529,419,424,582,642,472,NoGas,793_NoGas
794,758,528,417,423,581,639,471,NoGas,794_NoGas
795,758,529,417,422,580,636,470,NoGas,795_NoGas
796,757,529,416,421,579,633,469,NoGas,796_NoGas
797,755,529,415,418,578,630,469,NoGas,797_NoGas
798,756,529,414,418,576,627,468,NoGas,798_NoGas
799,755,529,413,416,575,625,468,NoGas,799_NoGas
800,755,529,411,415,575,623,468,NoGas,800_NoGas
801,754,528,411,414,574,620,467,NoGas,801_NoGas
802,754,528,410,413,573,618,466,NoGas,802_NoGas
803,752,528,409,413,572,617,466,NoGas,803_NoGas
804,752,529,408,411,571,614,465,NoGas,804_NoGas
805,752,529,409,411,571,612,465,NoGas,805_NoGas
806,751,528,407,409,570,610,464,NoGas,806_NoGas
807,750,529,406,409,569,608,464,NoGas,807_NoGas
808,750,529,407,410,569,606,463,NoGas,808_NoGas
809,750,530,405,407,568,604,463,NoGas,809_NoGas
810,751,529,405,406,568,602,463,NoGas,810_NoGas
811,750,530,404,405,566,599,462,NoGas,811_NoGas
812,749,529,404,404,567,597,462,NoGas,812_NoGas
813,749,530,403,403,565,595,461,NoGas,813_NoGas
814,750,530,403,402,565,593,461,NoGas,814_NoGas
815,749,530,404,401,564,592,460,NoGas,815_NoGas
816,747,528,402,402,564,590,460,NoGas,816_NoGas
817,747,529,401,400,564,588,460,NoGas,817_NoGas
818,746,530,401,401,564,586,459,NoGas,818_NoGas
819,770,530,423,421,586,572,461,NoGas,819_NoGas
820,779,530,445,438,609,595,468,NoGas,820_NoGas
821,779,532,453,445,628,617,473,NoGas,821_NoGas
822,778,531,450,442,638,635,478,NoGas,822_NoGas
823,776,531,448,435,641,645,480,NoGas,823_NoGas
824,779,530,446,436,640,650,481,NoGas,824_NoGas
825,790,531,460,450,646,661,487,NoGas,825_NoGas
826,791,529,469,456,653,671,488,NoGas,826_NoGas
827,791,531,472,458,658,679,489,NoGas,827_NoGas
828,795,532,476,461,663,687,492,NoGas,828_NoGas
829,797,532,487,473,671,701,499,NoGas,829_NoGas
830,793,528,490,473,674,709,500,NoGas,830_NoGas
831,791,530,488,468,675,712,500,NoGas,831_NoGas
832,790,530,480,466,675,714,500,NoGas,832_NoGas
833,786,530,475,461,674,714,499,NoGas,833_NoGas
834,794,529,489,476,677,720,506,NoGas,834_NoGas
835,790,531,473,475,667,735,510,NoGas,835_NoGas
836,789,531,468,472,661,730,508,NoGas,836_NoGas
837,790,530,467,469,655,726,505,NoGas,837_NoGas
838,790,531,463,467,649,723,503,NoGas,838_NoGas
839,787,530,461,464,642,719,502,NoGas,839_NoGas
840,785,529,457,462,637,715,500,NoGas,840_NoGas
841,782,530,455,458,631,710,498,NoGas,841_NoGas
842,782,530,452,457,626,706,496,NoGas,842_NoGas
843,781,530,447,454,621,702,495,NoGas,843_NoGas
844,780,531,446,451,617,698,494,NoGas,844_NoGas
845,779,530,443,449,613,695,492,NoGas,845_NoGas
846,779,531,442,446,609,690,491,NoGas,846_NoGas
847,776,531,440,444,606,686,490,NoGas,847_NoGas
848,775,531,437,442,603,683,488,NoGas,848_NoGas
849,774,530,435,441,600,679,487,NoGas,849_NoGas
850,773,531,436,439,598,675,486,NoGas,850_NoGas
851,772,530,432,437,596,671,485,NoGas,851_NoGas
852,771,532,430,435,593,668,483,NoGas,852_NoGas
853,770,532,428,434,594,668,486,NoGas,853_NoGas
854,769,531,427,433,589,661,481,NoGas,854_NoGas
855,772,530,425,431,589,660,482,NoGas,855_NoGas
856,768,529,424,429,586,654,479,NoGas,856_NoGas
857,767,529,422,429,584,651,478,NoGas,857_NoGas
858,767,528,422,427,583,648,478,NoGas,858_NoGas
859,766,531,421,427,581,645,477,NoGas,859_NoGas
860,766,531,421,427,581,642,476,NoGas,860_NoGas
861,766,530,422,425,580,640,476,NoGas,861_NoGas
862,766,531,420,424,579,637,475,NoGas,862_NoGas
863,765,530,419,423,578,635,475,NoGas,863_NoGas
864,765,532,418,423,578,632,474,NoGas,864_NoGas
865,766,532,419,421,577,630,473,NoGas,865_NoGas
866,765,531,416,420,579,631,475,NoGas,866_NoGas
867,764,531,416,418,575,625,472,NoGas,867_NoGas
868,764,531,415,418,574,623,471,NoGas,868_NoGas
869,763,531,413,416,573,621,471,NoGas,869_NoGas
870,764,531,413,415,571,619,470,NoGas,870_NoGas
871,763,531,411,414,570,616,470,NoGas,871_NoGas
872,763,530,410,413,569,614,469,NoGas,872_NoGas
873,762,532,410,412,568,612,469,NoGas,873_NoGas
874,761,531,409,411,566,609,468,NoGas,874_NoGas
875,760,532,407,410,565,607,468,NoGas,875_NoGas
876,759,532,407,409,565,604,467,NoGas,876_NoGas
877,758,532,407,411,565,602,467,NoGas,877_NoGas
878,758,532,411,409,565,601,467,NoGas,878_NoGas
879,759,532,406,409,565,599,467,NoGas,879_NoGas
880,760,532,407,409,565,597,467,NoGas,880_NoGas
881,758,532,404,408,564,595,466,NoGas,881_NoGas
882,757,531,405,407,563,594,466,NoGas,882_NoGas
883,755,532,404,406,562,592,465,NoGas,883_NoGas
884,755,531,404,405,562,590,465,NoGas,884_NoGas
885,754,530,403,405,561,588,464,NoGas,885_NoGas
886,754,530,403,403,561,587,464,NoGas,886_NoGas
887,754,531,402,401,560,585,463,NoGas,887_NoGas
888,753,533,401,402,559,583,463,NoGas,888_NoGas
889,753,531,401,401,558,581,463,NoGas,889_NoGas
890,762,530,414,416,560,553,459,NoGas,890_NoGas
891,771,530,437,432,575,575,465,NoGas,891_NoGas
892,779,530,451,440,586,599,473,NoGas,892_NoGas
893,784,530,461,444,595,618,478,NoGas,893_NoGas
894,786,531,462,444,596,633,483,NoGas,894_NoGas
895,789,529,461,444,598,645,486,NoGas,895_NoGas
896,791,530,464,452,612,658,491,NoGas,896_NoGas
897,794,532,471,457,624,672,495,NoGas,897_NoGas
898,793,531,475,458,632,682,496,NoGas,898_NoGas
899,792,532,478,459,638,689,497,NoGas,899_NoGas
900,791,531,479,460,643,694,496,NoGas,900_NoGas
901,791,531,480,460,647,697,495,NoGas,901_NoGas
902,792,530,483,464,651,698,499,NoGas,902_NoGas
903,793,531,487,469,656,703,502,NoGas,903_NoGas
904,794,532,490,474,659,709,506,NoGas,904_NoGas
905,795,530,492,475,660,713,509,NoGas,905_NoGas
906,795,530,492,475,656,715,509,NoGas,906_NoGas
907,795,530,494,470,651,716,510,NoGas,907_NoGas
908,794,530,492,464,642,716,508,NoGas,908_NoGas
909,795,530,489,465,636,715,509,NoGas,909_NoGas
910,794,530,494,473,635,719,512,NoGas,910_NoGas
911,793,530,499,479,640,723,514,NoGas,911_NoGas
912,795,529,502,482,648,726,515,NoGas,912_NoGas
913,796,531,506,481,653,728,514,NoGas,913_NoGas
914,793,531,505,476,657,730,514,NoGas,914_NoGas
915,795,530,505,479,660,731,514,NoGas,915_NoGas
916,790,528,480,468,637,720,509,NoGas,916_NoGas
917,789,529,476,464,630,716,507,NoGas,917_NoGas
918,788,530,473,461,624,712,505,NoGas,918_NoGas
919,785,530,467,458,619,708,503,NoGas,919_NoGas
920,781,530,464,455,614,704,502,NoGas,920_NoGas
921,780,529,460,451,608,700,500,NoGas,921_NoGas
922,779,530,456,449,603,696,498,NoGas,922_NoGas
923,778,531,453,446,598,692,497,NoGas,923_NoGas
924,776,528,448,444,593,687,494,NoGas,924_NoGas
925,773,530,445,441,589,683,492,NoGas,925_NoGas
926,773,530,441,438,586,678,491,NoGas,926_NoGas
927,770,529,439,436,582,674,489,NoGas,927_NoGas
928,769,530,436,433,579,670,487,NoGas,928_NoGas
929,767,530,433,432,577,666,486,NoGas,929_NoGas
930,767,530,432,432,574,662,485,NoGas,930_NoGas
931,766,529,430,429,572,658,483,NoGas,931_NoGas
932,765,528,427,427,571,654,482,NoGas,932_NoGas
933,765,530,426,426,569,650,481,NoGas,933_NoGas
934,764,529,423,425,567,647,480,NoGas,934_NoGas
935,763,529,421,423,565,643,480,NoGas,935_NoGas
936,762,529,421,422,563,640,479,NoGas,936_NoGas
937,762,530,419,420,562,637,478,NoGas,937_NoGas
938,761,528,418,421,560,634,477,NoGas,938_NoGas
939,760,529,416,417,559,631,476,NoGas,939_NoGas
940,760,529,416,416,557,627,476,NoGas,940_NoGas
941,758,531,414,418,556,624,475,NoGas,941_NoGas
942,758,530,413,417,555,622,474,NoGas,942_NoGas
943,757,528,412,415,554,618,474,NoGas,943_NoGas
944,756,529,411,413,553,616,473,NoGas,944_NoGas
945,756,529,412,412,552,613,472,NoGas,945_NoGas
946,756,529,410,409,552,610,472,NoGas,946_NoGas
947,756,532,409,408,551,607,471,NoGas,947_NoGas
948,756,531,409,410,550,605,471,NoGas,948_NoGas
949,755,530,408,410,549,602,470,NoGas,949_NoGas
950,754,531,407,407,548,600,469,NoGas,950_NoGas
951,753,531,406,406,548,598,469,NoGas,951_NoGas
952,752,532,406,405,547,596,468,NoGas,952_NoGas
953,751,531,404,405,547,593,468,NoGas,953_NoGas
954,752,530,403,404,546,591,467,NoGas,954_NoGas
955,752,531,404,403,546,589,467,NoGas,955_NoGas
956,750,530,403,402,545,587,466,NoGas,956_NoGas
957,751,531,402,401,545,585,466,NoGas,957_NoGas
958,751,531,402,401,544,583,466,NoGas,958_NoGas
959,750,532,401,400,544,581,465,NoGas,959_NoGas
960,751,532,401,399,543,579,465,NoGas,960_NoGas
961,749,532,400,398,543,577,464,NoGas,961_NoGas
962,750,534,400,397,542,575,464,NoGas,962_NoGas
963,748,532,399,397,542,574,464,NoGas,963_NoGas
964,748,530,399,395,541,572,464,NoGas,964_NoGas
965,748,530,397,397,541,570,463,NoGas,965_NoGas
966,747,531,397,394,541,568,463,NoGas,966_NoGas
967,746,531,397,395,540,566,462,NoGas,967_NoGas
968,745,530,396,393,540,564,463,NoGas,968_NoGas
969,745,531,396,393,538,564,462,NoGas,969_NoGas
970,753,530,418,416,550,546,465,NoGas,970_NoGas
971,767,530,428,429,563,561,470,NoGas,971_NoGas
972,774,530,443,447,585,587,477,NoGas,972_NoGas
973,781,530,459,456,613,616,485,NoGas,973_NoGas
974,789,531,474,462,636,643,492,NoGas,974_NoGas
975,792,530,479,465,649,662,496,NoGas,975_NoGas
976,793,530,482,465,656,675,500,NoGas,976_NoGas
977,792,531,483,466,660,685,502,NoGas,977_NoGas
978,790,529,483,465,662,691,503,NoGas,978_NoGas
979,796,530,494,470,665,695,505,NoGas,979_NoGas
980,797,530,502,475,668,700,505,NoGas,980_NoGas
981,796,530,502,476,669,703,505,NoGas,981_NoGas
982,795,531,500,474,669,702,503,NoGas,982_NoGas
983,793,531,501,470,667,701,502,NoGas,983_NoGas
984,790,530,496,466,665,702,502,NoGas,984_NoGas
985,789,529,494,468,664,701,501,NoGas,985_NoGas
986,796,531,500,475,668,707,509,NoGas,986_NoGas
987,796,531,496,479,674,713,511,NoGas,987_NoGas
988,797,531,493,475,674,714,507,NoGas,988_NoGas
989,795,531,485,467,670,710,502,NoGas,989_NoGas
990,792,532,482,464,665,705,500,NoGas,990_NoGas
991,793,529,479,462,659,701,498,NoGas,991_NoGas
992,792,530,480,465,652,697,497,NoGas,992_NoGas
993,793,530,485,469,649,695,498,NoGas,993_NoGas
994,793,530,487,471,646,697,500,NoGas,994_NoGas
995,792,530,489,471,645,698,502,NoGas,995_NoGas
996,791,531,486,470,643,699,503,NoGas,996_NoGas
997,791,530,480,465,648,712,501,NoGas,997_NoGas
998,789,530,474,461,639,708,500,NoGas,998_NoGas
999,788,530,469,457,630,703,498,NoGas,999_NoGas
1000,786,530,464,454,622,699,496,NoGas,1000_NoGas
1001,785,531,459,450,614,695,495,NoGas,1001_NoGas
1002,783,531,457,448,607,691,493,NoGas,1002_NoGas
1003,783,531,454,445,601,686,492,NoGas,1003_NoGas
1004,781,530,449,441,596,683,491,NoGas,1004_NoGas
1005,781,532,446,439,592,678,490,NoGas,1005_NoGas
1006,779,531,443,437,588,674,488,NoGas,1006_NoGas
1007,779,531,443,436,585,670,487,NoGas,1007_NoGas
1008,777,531,438,433,581,666,485,NoGas,1008_NoGas
1009,775,531,435,432,579,662,484,NoGas,1009_NoGas
1010,773,531,433,429,576,658,483,NoGas,1010_NoGas
1011,772,531,431,429,574,654,482,NoGas,1011_NoGas
1012,770,532,429,428,572,650,481,NoGas,1012_NoGas
1013,768,532,426,426,570,646,480,NoGas,1013_NoGas
1014,767,531,419,423,567,643,479,NoGas,1014_NoGas
1015,766,531,424,421,566,639,478,NoGas,1015_NoGas
1016,765,532,422,421,563,636,477,NoGas,1016_NoGas
1017,764,532,421,419,561,632,476,NoGas,1017_NoGas
1018,763,530,419,417,559,629,475,NoGas,1018_NoGas
1019,762,532,416,416,557,625,474,NoGas,1019_NoGas
1020,761,534,415,418,556,622,473,NoGas,1020_NoGas
1021,760,532,415,414,554,620,472,NoGas,1021_NoGas
1022,759,531,414,414,553,616,471,NoGas,1022_NoGas
1023,761,531,412,412,552,613,471,NoGas,1023_NoGas
1024,759,531,411,411,551,610,470,NoGas,1024_NoGas
1025,759,532,410,409,550,607,469,NoGas,1025_NoGas
1026,759,533,409,409,550,604,469,NoGas,1026_NoGas
1027,758,530,408,410,549,602,468,NoGas,1027_NoGas
1028,757,531,407,407,548,600,467,NoGas,1028_NoGas
1029,756,531,406,405,547,597,467,NoGas,1029_NoGas
1030,756,534,405,405,547,594,466,NoGas,1030_NoGas
1031,757,533,404,404,546,592,466,NoGas,1031_NoGas
1032,754,532,404,403,545,589,465,NoGas,1032_NoGas
1033,754,532,403,403,545,586,464,NoGas,1033_NoGas
1034,752,532,402,402,544,584,464,NoGas,1034_NoGas
1035,753,532,402,401,543,582,463,NoGas,1035_NoGas
1036,752,532,402,400,542,579,463,NoGas,1036_NoGas
1037,752,533,401,399,541,577,462,NoGas,1037_NoGas
1038,750,532,400,398,539,575,462,NoGas,1038_NoGas
1039,750,532,400,398,538,572,461,NoGas,1039_NoGas
1040,750,532,399,397,537,570,461,NoGas,1040_NoGas
1041,748,532,399,396,536,568,460,NoGas,1041_NoGas
1042,748,531,398,395,535,566,460,NoGas,1042_NoGas
1043,748,531,397,395,534,564,459,NoGas,1043_NoGas
1044,748,532,398,394,533,561,459,NoGas,1044_NoGas
1045,746,532,397,393,533,560,458,NoGas,1045_NoGas
1046,746,531,397,392,533,558,459,NoGas,1046_NoGas
1047,745,531,397,391,533,556,458,NoGas,1047_NoGas
1048,745,531,395,391,533,555,457,NoGas,1048_NoGas
1049,745,531,395,390,532,553,457,NoGas,1049_NoGas
1050,769,530,386,386,523,512,447,NoGas,1050_NoGas
1051,778,530,407,397,536,518,449,NoGas,1051_NoGas
1052,782,530,421,402,544,529,454,NoGas,1052_NoGas
1053,784,530,433,411,551,543,459,NoGas,1053_NoGas
1054,781,530,440,415,555,555,463,NoGas,1054_NoGas
1055,780,530,448,426,561,569,470,NoGas,1055_NoGas
1056,784,530,459,439,571,587,477,NoGas,1056_NoGas
1057,785,528,466,446,581,606,480,NoGas,1057_NoGas
1058,787,529,467,450,589,623,484,NoGas,1058_NoGas
1059,786,531,468,450,593,636,486,NoGas,1059_NoGas
1060,784,527,468,447,600,646,488,NoGas,1060_NoGas
1061,785,529,475,450,607,654,490,NoGas,1061_NoGas
1062,790,528,482,457,620,664,492,NoGas,1062_NoGas
1063,794,529,485,462,634,675,496,NoGas,1063_NoGas
1064,793,532,487,462,643,684,499,NoGas,1064_NoGas
1065,792,531,487,461,644,682,496,NoGas,1065_NoGas
1066,792,531,486,463,649,688,498,NoGas,1066_NoGas
1067,791,531,487,469,657,696,502,NoGas,1067_NoGas
1068,791,530,494,476,662,703,507,NoGas,1068_NoGas
1069,792,531,500,479,667,711,511,NoGas,1069_NoGas
1070,794,532,501,479,670,717,513,NoGas,1070_NoGas
1071,794,527,501,480,672,719,513,NoGas,1071_NoGas
1072,794,531,501,481,672,721,513,NoGas,1072_NoGas
1073,795,531,502,484,673,724,516,NoGas,1073_NoGas
1074,795,532,492,474,653,715,506,NoGas,1074_NoGas
1075,794,533,489,471,646,713,506,NoGas,1075_NoGas
1076,792,532,485,467,638,709,505,NoGas,1076_NoGas
1077,789,532,478,463,630,705,503,NoGas,1077_NoGas
1078,787,532,470,459,622,702,502,NoGas,1078_NoGas
1079,785,533,463,448,616,698,501,NoGas,1079_NoGas
1080,784,533,458,450,609,694,499,NoGas,1080_NoGas
1081,782,532,453,447,603,689,497,NoGas,1081_NoGas
1082,779,534,450,444,597,684,495,NoGas,1082_NoGas
1083,778,532,447,442,592,679,494,NoGas,1083_NoGas
1084,778,533,445,439,588,675,492,NoGas,1084_NoGas
1085,777,533,441,437,584,671,491,NoGas,1085_NoGas
1086,778,533,441,436,581,666,489,NoGas,1086_NoGas
1087,776,533,438,434,575,659,485,NoGas,1087_NoGas
1088,776,535,436,433,578,663,489,NoGas,1088_NoGas
1089,774,534,432,430,572,656,485,NoGas,1089_NoGas
1090,772,535,431,429,571,655,485,NoGas,1090_NoGas
1091,771,534,429,426,570,653,486,NoGas,1091_NoGas
1092,769,533,426,424,566,647,482,NoGas,1092_NoGas
1093,770,535,426,424,564,644,480,NoGas,1093_NoGas
1094,768,535,423,422,564,643,482,NoGas,1094_NoGas
1095,766,532,420,420,554,631,474,NoGas,1095_NoGas
1096,765,535,418,421,558,634,478,NoGas,1096_NoGas
1097,764,533,418,416,555,630,476,NoGas,1097_NoGas
1098,762,533,416,415,551,625,474,NoGas,1098_NoGas
1099,763,535,417,415,554,626,477,NoGas,1099_NoGas
1100,763,534,414,414,549,620,473,NoGas,1100_NoGas
1101,763,531,413,413,551,620,475,NoGas,1101_NoGas
1102,760,532,411,411,549,618,475,NoGas,1102_NoGas
1103,760,532,411,410,549,615,474,NoGas,1103_NoGas
1104,759,533,409,409,548,612,474,NoGas,1104_NoGas
1105,757,533,408,407,547,610,473,NoGas,1105_NoGas
1106,758,536,408,409,546,606,472,NoGas,1106_NoGas
1107,756,532,406,406,545,603,472,NoGas,1107_NoGas
1108,757,536,407,406,543,600,470,NoGas,1108_NoGas
1109,756,532,405,405,542,597,470,NoGas,1109_NoGas
1110,756,532,404,405,541,595,469,NoGas,1110_NoGas
1111,756,533,404,402,543,595,471,NoGas,1111_NoGas
1112,754,533,402,403,539,590,468,NoGas,1112_NoGas
1113,754,531,403,405,539,587,467,NoGas,1113_NoGas
1114,752,538,401,401,537,583,466,NoGas,1114_NoGas
1115,752,537,401,400,537,583,467,NoGas,1115_NoGas
1116,753,537,401,400,537,580,467,NoGas,1116_NoGas
1117,751,536,400,397,535,577,465,NoGas,1117_NoGas
1118,751,538,400,400,535,576,465,NoGas,1118_NoGas
1119,751,537,399,396,534,573,465,NoGas,1119_NoGas
1120,750,536,398,395,534,571,464,NoGas,1120_NoGas
1121,749,535,399,394,533,569,464,NoGas,1121_NoGas
1122,748,536,397,395,532,566,463,NoGas,1122_NoGas
1123,747,536,397,394,528,559,459,NoGas,1123_NoGas
1124,745,535,395,393,526,557,457,NoGas,1124_NoGas
1125,743,538,396,393,524,553,455,NoGas,1125_NoGas
1126,744,536,395,390,529,558,460,NoGas,1126_NoGas
1127,744,537,394,391,526,554,458,NoGas,1127_NoGas
1128,742,535,395,390,520,545,452,NoGas,1128_NoGas
1129,746,533,395,396,534,526,461,NoGas,1129_NoGas
1130,776,534,431,427,558,554,471,NoGas,1130_NoGas
1131,787,534,451,438,579,587,481,NoGas,1131_NoGas
1132,791,533,459,441,593,610,487,NoGas,1132_NoGas
1133,790,535,466,439,599,626,490,NoGas,1133_NoGas
1134,788,536,465,438,601,638,493,NoGas,1134_NoGas
1135,793,537,465,440,605,650,496,NoGas,1135_NoGas
1136,796,536,477,452,615,662,501,NoGas,1136_NoGas
1137,794,534,480,460,627,674,503,NoGas,1137_NoGas
1138,794,535,485,461,640,683,504,NoGas,1138_NoGas
1139,795,536,487,463,648,689,504,NoGas,1139_NoGas
1140,795,534,488,461,653,693,505,NoGas,1140_NoGas
1141,794,536,487,462,655,694,505,NoGas,1141_NoGas
1142,794,537,486,458,656,695,505,NoGas,1142_NoGas
1143,793,537,483,453,652,695,504,NoGas,1143_NoGas
1144,793,535,479,457,646,694,506,NoGas,1144_NoGas
1145,795,533,485,463,644,696,506,NoGas,1145_NoGas
1146,796,535,486,464,644,697,505,NoGas,1146_NoGas
1147,796,534,483,459,643,698,504,NoGas,1147_NoGas
1148,792,537,472,452,641,698,504,NoGas,1148_NoGas
1149,786,536,461,445,638,698,503,NoGas,1149_NoGas
1150,791,536,464,448,634,697,503,NoGas,1150_NoGas
1151,797,534,473,461,642,698,504,NoGas,1151_NoGas
1152,796,535,484,467,653,705,511,NoGas,1152_NoGas
1153,797,535,490,471,658,708,511,NoGas,1153_NoGas
1154,798,534,492,470,661,710,512,NoGas,1154_NoGas
1155,795,533,490,469,662,712,512,NoGas,1155_NoGas
1156,794,533,492,469,662,712,510,NoGas,1156_NoGas
1157,794,533,493,470,662,711,511,NoGas,1157_NoGas
1158,793,532,491,467,659,709,509,NoGas,1158_NoGas
1159,794,532,493,470,653,707,509,NoGas,1159_NoGas
1160,793,533,495,475,650,707,510,NoGas,1160_NoGas
1161,796,531,497,478,644,709,512,NoGas,1161_NoGas
1162,795,533,497,480,637,711,514,NoGas,1162_NoGas
1163,793,531,494,478,630,712,514,NoGas,1163_NoGas
1164,791,534,491,477,623,712,513,NoGas,1164_NoGas
1165,789,532,488,474,618,711,513,NoGas,1165_NoGas
1166,787,535,484,474,614,710,512,NoGas,1166_NoGas
1167,787,534,484,474,611,708,512,NoGas,1167_NoGas
1168,786,535,482,470,608,707,511,NoGas,1168_NoGas
1169,789,539,479,470,606,705,511,NoGas,1169_NoGas
1170,788,529,481,468,602,703,510,NoGas,1170_NoGas
1171,789,528,475,464,597,699,509,NoGas,1171_NoGas
1172,791,528,471,459,592,695,507,NoGas,1172_NoGas
1173,788,527,471,455,588,692,506,NoGas,1173_NoGas
1174,786,529,467,452,583,688,505,NoGas,1174_NoGas
1175,785,531,464,450,578,684,504,NoGas,1175_NoGas
1176,782,532,460,450,573,680,502,NoGas,1176_NoGas
1177,779,530,456,445,569,676,500,NoGas,1177_NoGas
1178,777,527,450,442,565,672,499,NoGas,1178_NoGas
1179,776,530,447,440,563,668,497,NoGas,1179_NoGas
1180,775,530,444,440,561,663,495,NoGas,1180_NoGas
1181,773,529,440,436,560,659,494,NoGas,1181_NoGas
1182,771,528,436,433,559,655,492,NoGas,1182_NoGas
1183,769,530,432,429,559,651,491,NoGas,1183_NoGas
1184,767,532,431,429,557,647,488,NoGas,1184_NoGas
1185,766,530,427,426,555,643,487,NoGas,1185_NoGas
1186,767,531,426,425,552,638,485,NoGas,1186_NoGas
1187,765,529,425,422,550,634,484,NoGas,1187_NoGas
1188,765,532,423,421,548,631,483,NoGas,1188_NoGas
1189,763,530,423,420,547,627,482,NoGas,1189_NoGas
1190,765,531,423,420,546,624,481,NoGas,1190_NoGas
1191,764,532,420,420,545,621,480,NoGas,1191_NoGas
1192,764,533,421,419,544,617,480,NoGas,1192_NoGas
1193,764,532,420,418,544,615,479,NoGas,1193_NoGas
1194,765,535,420,417,544,612,479,NoGas,1194_NoGas
1195,765,533,420,416,544,609,478,NoGas,1195_NoGas
1196,764,539,420,416,544,607,477,NoGas,1196_NoGas
1197,764,537,418,413,544,604,477,NoGas,1197_NoGas
1198,763,537,418,414,543,602,476,NoGas,1198_NoGas
1199,762,537,416,413,542,600,476,NoGas,1199_NoGas
1200,761,534,414,410,542,597,475,NoGas,1200_NoGas
1201,761,535,413,411,541,595,474,NoGas,1201_NoGas
1202,759,536,413,410,540,592,473,NoGas,1202_NoGas
1203,758,535,410,408,539,590,472,NoGas,1203_NoGas
1204,758,536,410,406,538,587,472,NoGas,1204_NoGas
1205,757,536,408,404,536,585,471,NoGas,1205_NoGas
1206,756,534,406,403,535,582,470,NoGas,1206_NoGas
1207,758,535,406,403,533,580,470,NoGas,1207_NoGas
1208,756,537,403,401,531,577,469,NoGas,1208_NoGas
1209,755,534,402,401,530,575,470,NoGas,1209_NoGas
1210,754,534,401,400,529,573,468,NoGas,1210_NoGas
1211,754,528,400,397,527,571,467,NoGas,1211_NoGas
1212,754,532,400,397,526,568,467,NoGas,1212_NoGas
1213,753,531,398,397,525,566,466,NoGas,1213_NoGas
1214,752,532,399,395,524,564,467,NoGas,1214_NoGas
1215,751,533,398,395,522,561,465,NoGas,1215_NoGas
1216,751,534,397,393,522,559,465,NoGas,1216_NoGas
1217,751,534,396,393,520,557,464,NoGas,1217_NoGas
1218,750,530,395,393,519,555,464,NoGas,1218_NoGas
1219,749,530,394,392,518,553,464,NoGas,1219_NoGas
1220,749,529,393,390,518,551,463,NoGas,1220_NoGas
1221,748,530,395,391,517,549,463,NoGas,1221_NoGas
1222,748,530,391,389,516,548,463,NoGas,1222_NoGas
1223,757,531,384,374,506,505,452,NoGas,1223_NoGas
1224,774,530,398,383,509,510,452,NoGas,1224_NoGas
1225,781,531,405,387,514,516,454,NoGas,1225_NoGas
1226,781,531,411,387,523,528,457,NoGas,1226_NoGas
1227,781,529,415,391,533,541,460,NoGas,1227_NoGas
1228,780,530,443,410,549,565,469,NoGas,1228_NoGas
1229,783,530,459,430,563,597,479,NoGas,1229_NoGas
1230,789,530,466,444,580,626,487,NoGas,1230_NoGas
1231,792,531,474,451,596,648,493,NoGas,1231_NoGas
1232,790,530,478,456,608,664,497,NoGas,1232_NoGas
1233,790,533,482,458,618,675,500,NoGas,1233_NoGas
1234,791,530,485,465,623,671,490,NoGas,1234_NoGas
1235,794,532,491,468,647,696,503,NoGas,1235_NoGas
1236,793,532,497,470,654,703,504,NoGas,1236_NoGas
1237,795,532,495,471,662,712,508,NoGas,1237_NoGas
1238,790,532,494,470,662,714,507,NoGas,1238_NoGas
1239,788,534,494,470,657,707,496,NoGas,1239_NoGas
1240,787,531,493,471,663,715,504,NoGas,1240_NoGas
1241,791,531,500,479,665,716,505,NoGas,1241_NoGas
1242,793,532,504,482,662,712,502,NoGas,1242_NoGas
1243,798,532,506,484,676,729,513,NoGas,1243_NoGas
1244,797,533,507,486,680,734,515,NoGas,1244_NoGas
1245,803,532,514,493,683,738,519,NoGas,1245_NoGas
1246,800,532,489,485,672,740,522,NoGas,1246_NoGas
1247,799,534,483,481,661,737,521,NoGas,1247_NoGas
1248,797,534,479,474,650,733,520,NoGas,1248_NoGas
1249,795,534,475,470,639,729,518,NoGas,1249_NoGas
1250,791,533,469,465,631,724,517,NoGas,1250_NoGas
1251,789,535,464,463,623,719,515,NoGas,1251_NoGas
1252,786,532,459,459,617,715,514,NoGas,1252_NoGas
1253,785,536,455,455,611,711,512,NoGas,1253_NoGas
1254,784,533,452,450,607,707,510,NoGas,1254_NoGas
1255,784,533,449,448,602,703,509,NoGas,1255_NoGas
1256,783,533,447,446,598,699,507,NoGas,1256_NoGas
1257,781,532,445,445,593,695,505,NoGas,1257_NoGas
1258,780,531,441,443,589,690,503,NoGas,1258_NoGas
1259,779,532,440,438,585,686,502,NoGas,1259_NoGas
1260,778,534,437,437,582,682,501,NoGas,1260_NoGas
1261,777,535,435,435,579,677,500,NoGas,1261_NoGas
1262,777,532,433,432,575,673,498,NoGas,1262_NoGas
1263,775,533,428,431,572,669,496,NoGas,1263_NoGas
1264,774,531,428,429,570,664,495,NoGas,1264_NoGas
1265,772,533,426,426,566,660,494,NoGas,1265_NoGas
1266,771,533,424,427,564,656,493,NoGas,1266_NoGas
1267,771,534,423,425,561,652,491,NoGas,1267_NoGas
1268,769,533,424,422,559,649,490,NoGas,1268_NoGas
1269,769,533,419,420,558,645,489,NoGas,1269_NoGas
1270,768,531,419,420,556,641,488,NoGas,1270_NoGas
1271,768,531,418,418,554,639,488,NoGas,1271_NoGas
1272,766,534,416,416,552,634,486,NoGas,1272_NoGas
1273,766,534,414,415,550,631,485,NoGas,1273_NoGas
1274,765,534,413,414,548,628,484,NoGas,1274_NoGas
1275,765,532,413,412,546,623,484,NoGas,1275_NoGas
1276,763,534,411,412,544,620,482,NoGas,1276_NoGas
1277,763,533,410,410,542,617,481,NoGas,1277_NoGas
1278,762,533,409,409,539,610,478,NoGas,1278_NoGas
1279,760,532,409,408,539,609,479,NoGas,1279_NoGas
1280,760,533,407,407,538,606,478,NoGas,1280_NoGas
1281,759,533,405,406,536,602,477,NoGas,1281_NoGas
1282,759,533,405,404,528,589,466,NoGas,1282_NoGas
1283,759,532,405,403,533,595,474,NoGas,1283_NoGas
1284,758,533,402,403,533,593,473,NoGas,1284_NoGas
1285,756,534,403,402,531,591,472,NoGas,1285_NoGas
1286,756,534,402,401,532,589,473,NoGas,1286_NoGas
1287,756,533,401,400,531,586,472,NoGas,1287_NoGas
1288,754,535,401,400,529,582,470,NoGas,1288_NoGas
1289,756,534,401,399,528,580,470,NoGas,1289_NoGas
1290,754,533,401,398,528,578,470,NoGas,1290_NoGas
1291,754,533,399,397,529,576,471,NoGas,1291_NoGas
1292,754,534,398,397,530,576,471,NoGas,1292_NoGas
1293,754,535,398,397,531,575,472,NoGas,1293_NoGas
1294,752,532,397,395,531,573,471,NoGas,1294_NoGas
1295,751,533,398,396,530,569,470,NoGas,1295_NoGas
1296,751,533,396,394,528,566,469,NoGas,1296_NoGas
1297,750,533,396,392,528,564,469,NoGas,1297_NoGas
1298,748,532,394,392,527,561,468,NoGas,1298_NoGas
1299,749,532,393,391,526,559,467,NoGas,1299_NoGas
1300,747,532,394,390,526,557,467,NoGas,1300_NoGas
1301,747,533,393,390,524,555,466,NoGas,1301_NoGas
1302,746,533,393,390,524,553,465,NoGas,1302_NoGas
1303,748,532,387,384,529,519,461,NoGas,1303_NoGas
1304,773,533,421,416,549,541,468,NoGas,1304_NoGas
1305,784,530,438,429,563,567,477,NoGas,1305_NoGas
1306,790,531,447,433,572,590,482,NoGas,1306_NoGas
1307,791,535,452,442,580,611,486,NoGas,1307_NoGas
1308,792,534,457,441,584,625,488,NoGas,1308_NoGas
1309,791,533,460,440,586,634,489,NoGas,1309_NoGas
1310,792,534,463,442,588,642,491,NoGas,1310_NoGas
1311,788,534,466,446,588,647,491,NoGas,1311_NoGas
1312,791,532,465,445,585,647,489,NoGas,1312_NoGas
1313,790,533,468,443,585,653,491,NoGas,1313_NoGas
1314,792,534,466,440,584,660,495,NoGas,1314_NoGas
1315,791,534,466,435,578,661,494,NoGas,1315_NoGas
1316,791,534,469,454,588,669,500,NoGas,1316_NoGas
1317,791,534,484,467,605,683,505,NoGas,1317_NoGas
1318,794,534,491,471,623,694,508,NoGas,1318_NoGas
1319,795,534,492,468,636,701,509,NoGas,1319_NoGas
1320,796,534,490,465,642,705,509,NoGas,1320_NoGas
1321,796,533,491,464,644,706,509,NoGas,1321_NoGas
1322,797,534,491,464,643,705,508,NoGas,1322_NoGas
1323,799,534,490,462,638,701,506,NoGas,1323_NoGas
1324,798,534,489,457,630,697,505,NoGas,1324_NoGas
1325,798,533,486,457,620,694,504,NoGas,1325_NoGas
1326,800,534,496,470,621,698,509,NoGas,1326_NoGas
1327,802,534,500,476,624,701,509,NoGas,1327_NoGas
1328,801,533,503,478,633,707,513,NoGas,1328_NoGas
1329,801,534,503,476,634,705,508,NoGas,1329_NoGas
1330,801,533,499,473,645,712,513,NoGas,1330_NoGas
1331,800,535,496,471,645,711,512,NoGas,1331_NoGas
1332,800,534,495,471,645,711,514,NoGas,1332_NoGas
1333,801,535,494,478,644,716,518,NoGas,1333_NoGas
1334,798,533,489,476,633,712,517,NoGas,1334_NoGas
1335,796,534,485,471,623,710,516,NoGas,1335_NoGas
1336,793,536,482,469,616,708,516,NoGas,1336_NoGas
1337,790,533,479,467,609,704,515,NoGas,1337_NoGas
1338,791,532,473,465,602,699,513,NoGas,1338_NoGas
1339,791,531,469,461,597,695,511,NoGas,1339_NoGas
1340,792,531,465,457,592,691,510,NoGas,1340_NoGas
1341,791,529,461,452,587,687,509,NoGas,1341_NoGas
1342,788,532,460,448,583,684,507,NoGas,1342_NoGas
1343,786,532,457,446,578,678,506,NoGas,1343_NoGas
1344,784,533,452,444,575,675,505,NoGas,1344_NoGas
1345,783,533,450,440,571,670,503,NoGas,1345_NoGas
1346,782,533,445,437,568,666,502,NoGas,1346_NoGas
1347,781,531,443,435,565,661,500,NoGas,1347_NoGas
1348,779,531,438,431,561,657,499,NoGas,1348_NoGas
1349,778,531,436,429,559,653,498,NoGas,1349_NoGas
1350,778,532,432,428,557,648,496,NoGas,1350_NoGas
1351,775,534,431,425,555,644,494,NoGas,1351_NoGas
1352,774,532,428,423,554,640,493,NoGas,1352_NoGas
1353,774,533,428,425,553,636,491,NoGas,1353_NoGas
1354,774,532,427,423,552,632,490,NoGas,1354_NoGas
1355,771,532,424,421,551,628,488,NoGas,1355_NoGas
1356,771,533,423,419,550,624,487,NoGas,1356_NoGas
1357,769,531,424,418,548,620,485,NoGas,1357_NoGas
1358,768,530,420,416,540,609,478,NoGas,1358_NoGas
1359,768,531,418,416,538,606,477,NoGas,1359_NoGas
1360,767,532,415,413,538,606,478,NoGas,1360_NoGas
1361,769,536,416,416,539,605,479,NoGas,1361_NoGas
1362,767,531,413,411,532,596,474,NoGas,1362_NoGas
1363,768,533,413,411,534,598,477,NoGas,1363_NoGas
1364,766,531,410,407,527,590,471,NoGas,1364_NoGas
1365,765,536,410,407,533,596,478,NoGas,1365_NoGas
1366,766,538,409,404,532,594,478,NoGas,1366_NoGas
1367,762,530,408,405,527,586,473,NoGas,1367_NoGas
1368,762,529,406,403,527,585,474,NoGas,1368_NoGas
1369,761,527,406,401,528,585,476,NoGas,1369_NoGas
1370,762,529,407,403,528,583,476,NoGas,1370_NoGas
1371,762,526,405,402,528,581,475,NoGas,1371_NoGas
1372,761,531,404,401,527,578,475,NoGas,1372_NoGas
1373,761,530,403,399,526,576,474,NoGas,1373_NoGas
1374,759,531,402,398,525,573,473,NoGas,1374_NoGas
1375,759,527,401,398,523,571,472,NoGas,1375_NoGas
1376,758,527,400,396,522,568,472,NoGas,1376_NoGas
1377,756,527,398,397,522,566,471,NoGas,1377_NoGas
1378,756,531,399,396,521,563,470,NoGas,1378_NoGas
1379,755,531,397,396,520,561,469,NoGas,1379_NoGas
1380,753,531,397,394,519,559,469,NoGas,1380_NoGas
1381,753,531,397,393,518,556,468,NoGas,1381_NoGas
1382,752,530,396,393,517,554,467,NoGas,1382_NoGas
1383,750,530,394,391,516,552,466,NoGas,1383_NoGas
1384,750,530,394,390,515,550,467,NoGas,1384_NoGas
1385,750,530,393,390,514,547,465,NoGas,1385_NoGas
1386,750,531,391,388,513,546,465,NoGas,1386_NoGas
1387,750,531,392,388,513,544,464,NoGas,1387_NoGas
1388,749,530,392,388,511,542,464,NoGas,1388_NoGas
1389,749,532,390,387,511,541,464,NoGas,1389_NoGas
1390,752,532,391,386,510,539,463,NoGas,1390_NoGas
1391,750,532,389,386,508,538,462,NoGas,1391_NoGas
1392,768,529,399,397,527,519,463,NoGas,1392_NoGas
1393,783,530,424,422,545,552,470,NoGas,1393_NoGas
1394,789,532,445,433,556,575,473,NoGas,1394_NoGas
1395,789,533,452,435,562,587,475,NoGas,1395_NoGas
1396,793,532,468,450,577,606,483,NoGas,1396_NoGas
1397,793,530,474,452,589,624,487,NoGas,1397_NoGas
1398,792,531,474,455,597,639,488,NoGas,1398_NoGas
1399,792,531,474,453,598,647,487,NoGas,1399_NoGas
1400,792,533,474,453,616,668,498,NoGas,1400_NoGas
1401,792,533,470,461,621,671,498,NoGas,1401_NoGas
1402,793,532,476,465,637,687,506,NoGas,1402_NoGas
1403,793,531,481,464,644,694,508,NoGas,1403_NoGas
1404,792,530,485,465,648,698,510,NoGas,1404_NoGas
1405,794,531,484,466,651,701,509,NoGas,1405_NoGas
1406,796,529,486,465,652,701,509,NoGas,1406_NoGas
1407,797,532,493,473,656,705,511,NoGas,1407_NoGas
1408,800,534,504,483,666,714,517,NoGas,1408_NoGas
1409,801,535,511,487,671,720,519,NoGas,1409_NoGas
1410,803,534,513,489,673,726,519,NoGas,1410_NoGas
1411,802,532,498,490,650,744,535,NoGas,1411_NoGas
1412,801,528,495,487,643,741,533,NoGas,1412_NoGas
1413,799,530,489,484,636,737,531,NoGas,1413_NoGas
1414,796,525,482,482,630,734,528,NoGas,1414_NoGas
1415,792,527,476,483,623,729,526,NoGas,1415_NoGas
1416,790,527,471,478,616,723,522,NoGas,1416_NoGas
1417,787,527,465,475,610,719,520,NoGas,1417_NoGas
1418,784,529,462,470,604,715,518,NoGas,1418_NoGas
1419,782,531,457,465,599,711,516,NoGas,1419_NoGas
1420,781,529,454,459,594,705,514,NoGas,1420_NoGas
1421,779,528,450,455,590,699,512,NoGas,1421_NoGas
1422,779,529,447,453,586,694,509,NoGas,1422_NoGas
1423,777,529,444,452,582,688,507,NoGas,1423_NoGas
1424,778,530,442,448,576,682,504,NoGas,1424_NoGas
1425,780,528,442,447,585,693,514,NoGas,1425_NoGas
1426,777,527,439,446,563,664,495,NoGas,1426_NoGas
1427,776,529,436,442,563,663,495,NoGas,1427_NoGas
1428,776,529,434,440,566,665,499,NoGas,1428_NoGas
1429,776,533,433,437,565,663,499,NoGas,1429_NoGas
1430,773,531,430,435,562,658,496,NoGas,1430_NoGas
1431,775,531,430,434,562,656,496,NoGas,1431_NoGas
1432,773,531,426,431,560,653,495,NoGas,1432_NoGas
1433,771,531,425,429,557,647,493,NoGas,1433_NoGas
1434,773,532,423,427,559,648,495,NoGas,1434_NoGas
1435,769,531,420,424,558,645,495,NoGas,1435_NoGas
1436,768,530,420,423,556,642,494,NoGas,1436_NoGas
1437,767,532,418,423,555,639,494,NoGas,1437_NoGas
1438,767,530,417,421,553,636,494,NoGas,1438_NoGas
1439,766,533,416,421,552,633,493,NoGas,1439_NoGas
1440,766,533,415,418,550,629,492,NoGas,1440_NoGas
1441,765,532,414,417,549,626,491,NoGas,1441_NoGas
1442,765,530,412,416,548,623,491,NoGas,1442_NoGas
1443,764,530,412,416,547,620,490,NoGas,1443_NoGas
1444,764,530,410,413,545,617,489,NoGas,1444_NoGas
1445,764,533,410,412,545,614,489,NoGas,1445_NoGas
1446,763,532,409,412,544,611,489,NoGas,1446_NoGas
1447,762,532,408,411,542,608,488,NoGas,1447_NoGas
1448,763,529,408,409,541,606,488,NoGas,1448_NoGas
1449,764,528,407,408,539,603,487,NoGas,1449_NoGas
1450,761,530,409,407,539,600,486,NoGas,1450_NoGas
1451,761,530,404,406,537,597,486,NoGas,1451_NoGas
1452,758,527,404,404,536,595,485,NoGas,1452_NoGas
1453,759,526,403,403,535,592,485,NoGas,1453_NoGas
1454,758,524,402,403,534,590,484,NoGas,1454_NoGas
1455,759,525,402,402,533,588,484,NoGas,1455_NoGas
1456,759,527,400,402,532,586,484,NoGas,1456_NoGas
1457,757,528,401,400,531,583,483,NoGas,1457_NoGas
1458,757,529,399,399,530,581,483,NoGas,1458_NoGas
1459,756,527,399,399,530,579,483,NoGas,1459_NoGas
1460,755,528,398,398,529,576,482,NoGas,1460_NoGas
1461,755,527,397,397,528,574,482,NoGas,1461_NoGas
1462,756,529,402,396,527,572,481,NoGas,1462_NoGas
1463,754,527,396,397,526,570,481,NoGas,1463_NoGas
1464,785,531,425,415,546,548,482,NoGas,1464_NoGas
1465,793,534,454,443,566,587,492,NoGas,1465_NoGas
1466,795,532,468,453,584,619,500,NoGas,1466_NoGas
1467,794,533,472,454,597,641,505,NoGas,1467_NoGas
1468,795,530,477,458,606,655,509,NoGas,1468_NoGas
1469,797,531,487,467,622,674,514,NoGas,1469_NoGas
1470,798,533,495,474,639,689,517,NoGas,1470_NoGas
1471,800,532,500,475,651,697,517,NoGas,1471_NoGas
1472,800,532,504,476,659,703,519,NoGas,1472_NoGas
1473,802,532,505,478,664,710,522,NoGas,1473_NoGas
1474,801,532,506,481,668,717,525,NoGas,1474_NoGas
1475,803,533,511,484,672,722,527,NoGas,1475_NoGas
1476,803,531,514,489,675,728,529,NoGas,1476_NoGas
1477,804,532,516,492,678,733,532,NoGas,1477_NoGas
1478,809,530,515,499,669,755,553,NoGas,1478_NoGas
1479,802,528,486,475,610,729,537,NoGas,1479_NoGas
1480,801,525,481,471,606,725,535,NoGas,1480_NoGas
1481,800,528,477,469,602,720,534,NoGas,1481_NoGas
1482,797,529,472,464,598,715,532,NoGas,1482_NoGas
1483,795,531,468,460,595,709,530,NoGas,1483_NoGas
1484,794,529,467,457,591,704,528,NoGas,1484_NoGas
1485,793,527,465,455,588,699,526,NoGas,1485_NoGas
1486,791,530,463,453,585,695,524,NoGas,1486_NoGas
1487,789,531,460,451,581,690,523,NoGas,1487_NoGas
1488,788,529,456,447,578,685,521,NoGas,1488_NoGas
1489,788,530,453,445,575,681,519,NoGas,1489_NoGas
1490,786,530,451,442,572,676,518,NoGas,1490_NoGas
1491,785,530,448,442,570,672,516,NoGas,1491_NoGas
1492,783,531,444,439,568,667,515,NoGas,1492_NoGas
1493,782,530,442,437,567,663,513,NoGas,1493_NoGas
1494,782,531,440,435,565,659,512,NoGas,1494_NoGas
1495,781,533,439,433,564,655,511,NoGas,1495_NoGas
1496,779,529,437,434,562,652,510,NoGas,1496_NoGas
1497,777,530,435,430,561,648,509,NoGas,1497_NoGas
1498,776,530,434,430,559,645,508,NoGas,1498_NoGas
1499,774,532,432,427,557,642,508,NoGas,1499_NoGas
1500,775,531,430,425,555,638,507,NoGas,1500_NoGas
